"順位","前回","前々回","タレント名","タレント名(全角カナ)","年齢","スコア","認知度","誘引率"
"1","1","1","天海祐希","アマミユウキ","58","56.2","8","41"
"2","4","2","サンドウィッチマン","サンドウィッチマン","","55.6","127","42"
"3","3","14","竹野内豊","タケノウチユタカ","54","54","25","35"
"4","","29","桑田佳祐（サザンオールスターズ）","クワタケイスケ（サザンオールスターズ）","69","53.1","1","232"
"5","9","7","北川景子","キタガワケイコ","39","52.9","25","80"
"6","6","9","阿部寛","アベヒロシ","61","52.7","1","40"
"7","15","63","阿部サダヲ","アベサダヲ","55","51.1","176","56"
"8","18","5","綾瀬はるか","アヤセハルカ","40","50.2","8","113"
"9","","43","サザンオールスターズ","サザンオールスターズ","","50","196","156"
"9","2","3","西島秀俊","ニシジマヒデトシ","54","50","226","45"
"9","39","6","横浜流星","ヨコハマリュウセイ","29","50","94","52"
"12","8","10","長澤まさみ","ナガサワマサミ","38","49.6","48","109"
"13","30","45","妻夫木聡","ツマブキサトシ","44","49.1","67","95"
"14","50","36","菅田将暉","スダマサキ","32","48.9","67","335"
"15","5","4","大谷翔平","オオタニショウヘイ","31","48.7","25","339"
"16","18","13","鈴木亮平","スズキリョウヘイ","42","48.4","242","47"
"17","22","174","小芝風花","コシバフウカ","28","47.1","279","123"
"18","34","17","小池栄子","コイケエイコ","45","46.9","8","101"
"18","11","12","中島みゆき","ナカジマミユキ","73","46.9","94","186"
"20","","101","小泉孝太郎","コイズミコウタロウ","47","46.7","48","75"
"20","48","11","伊達みきお（サンドウィッチマン）","ダテミキオ（サンドウィッチマン）","51","46.7","151","78"
"20","61","81","山﨑賢人","ヤマザキケント","31","46.7","268","182"
"20","62","76","山田涼介（Hey! Say! JUMP）","ヤマダリョウスケ（ヘイセイジャンプ）","32","46.7","226","298"
"24","7","33","芦田愛菜","アシダマナ","21","46.2","48","152"
"24","27","14","博多華丸・大吉","ハカタハナマルダイキチ","","46.2","151","133"
"26","43","37","多部未華子","タベミカコ","36","45.6","127","129"
"27","10","24","大泉洋","オオイズミヨウ","52","45.3","8","470"
"27","26","8","マツコ・デラックス","マツコデラックス","53","45.3","25","318"
"27","","26","松任谷由実","マツトウヤユミ","71","45.3","48","198"
"30","38","22","いとうあさこ","イトウアサコ","55","45.1","94","235"
"30","23","","内田有紀","ウチダユキ","50","45.1","94","146"
"32","","20","石田ゆり子","イシダユリコ","56","44.7","25","192"
"32","57","56","バカリズム","バカリズム","49","44.7","324","180"
"34","34","158","斎藤工","サイトウタクミ","44","44.4","151","226"
"34","70","17","博多大吉（博多華丸・大吉）","ハカタダイキチ（ハカタハナマルダイキチ）","54","44.4","196","182"
"36","62","96","相葉雅紀（嵐）","アイバマサキ（アラシ）","42","44.2","48","270"
"36","57","30","阿佐ヶ谷姉妹","アサガヤシマイ","","44.2","196","121"
"36","93","51","内村光良（ウッチャンナンチャン）","ウチムラテルヨシ（ウッチャンナンチャン）","61","44.2","8","218"
"36","187","232","Snow Man","スノーマン","","44.2","475","66"
"40","","37","安住紳一郎","アズミシンイチロウ","52","44","151","226"
"40","17","30","新垣結衣","アラガキユイ","37","44","94","210"
"40","13","117","ディーン・フジオカ","ディーンフジオカ","45","44","94","306"
"43","77","76","今田美桜","イマダミオ","28","43.8","226","129"
"43","161","101","木村拓哉","キムラタクヤ（スマップ）","53","43.8","25","479"
"43","13","14","米津玄師","ヨネヅケンシ","34","43.8","268","156"
"46","93","79","北村匠海（DISH//）","キタムラタクミ（ディッシュ）","28","43.6","226","192"
"46","11","156","佐藤健","サトウタケル","36","43.6","176","251"
"46","","86","鈴木京香","スズキキョウカ","57","43.6","67","280"
"46","62","20","博多華丸（博多華丸・大吉）","ハカタハナマル（ハカタハナマルダイキチ）","55","43.6","210","262"
"46","41","60","松坂桃李","マツザカトオリ","37","43.6","94","125"
"46","77","110","水卜麻美","ミウラアサミ","38","43.6","67","231"
"52","42","60","小栗旬","オグリシュン","42","43.3","8","437"
"52","15","86","吉高由里子","ヨシタカユリコ","37","43.3","94","235"
"54","109","56","堂本光一（DOMOTO（KinKi Kids））","ドウモトコウイチ（ドウモト（キンキキッズ））","46","43.1","48","417"
"54","87","150","松本潤（嵐）","マツモトジュン（アラシ）","42","43.1","67","535"
"54","30","42","松山ケンイチ","マツヤマケンイチ","40","43.1","151","270"
"57","37","72","佐々木蔵之介","ササキクラノスケ","57","42.9","151","114"
"57","33","49","目黒蓮（Snow Man）","メグロレン（スノーマン）","28","42.9","312","376"
"57","87","198","吉沢亮","ヨシザワリョウ","31","42.9","312","83"
"60","39","273","志尊淳","シソンジュン","30","42.7","293","192"
"60","","86","THE ALFEE","ジアルフィー","","42.7","176","251"
"62","74","72","江口のりこ","エグチノリコ","45","42.4","226","267"
"62","20","158","神木隆之介","カミキリュウノスケ","32","42.4","151","196"
"62","","41","タモリ","タモリ","80","42.4","25","479"
"62","","117","所ジョージ","トコロジョージ","70","42.4","25","479"
"62","176","37","中村倫也","ナカムラトモヤ","38","42.4","151","249"
"67","77","86","杉咲花","スギサキハナ","28","42.2","347","123"
"67","","45","MISIA","ミーシャ","47","42.2","127","240"
"69","138","23","賀来賢人","カクケント","36","42","176","178"
"70","23","86","富澤たけし（サンドウィッチマン）","トミザワタケシ（サンドウィッチマン）","51","41.6","210","186"
"71","","33","稲葉浩志（B’z）","イナバコウシ（ビーズ）","61","41.3","279","158"
"71","62","139","高畑充希","タカハタミツキ","33","41.3","151","226"
"73","55","67","安藤サクラ","アンドウサクラ","39","41.1","293","270"
"73","77","81","伊藤沙莉","イトウサイリ","31","41.1","268","380"
"73","","72","上川隆也","カミカワタカヤ","60","41.1","48","270"
"73","87","63","バナナマン","バナナマン","","41.1","127","218"
"73","","166","三浦友和","ミウラトモカズ","73","41.1","25","412"
"78","116","117","明石家さんま","アカシヤサンマ","70","40.9","8","613"
"78","158","126","イチロー","イチロー","52","40.9","1","564"
"78","59","33","堤真一","ツツミシンイチ","61","40.9","94","158"
"78","205","311","野呂佳代","ノロカヨ","42","40.9","396","135"
"78","43","51","柳楽優弥","ヤギラユウヤ","35","40.9","293","192"
"83","","69","薬師丸ひろ子","ヤクシマルヒロコ","61","40.7","48","229"
"84","","134","小日向文世","コヒナタフミヨ","71","40.4","210","95"
"84","214","232","佐藤栞里","サトウシオリ","35","40.4","257","205"
"84","34","45","Mr.Children","ミスターチルドレン","","40.4","324","255"
"87","46","110","飯尾和樹（ずん）","イイオカズキ（ズン）","56","40.2","279","146"
"87","87","101","カズレーザー（メイプル超合金）","カズレーザー（メイプルチョウゴウキン）","41","40.2","94","473"
"87","","51","B’z","ビーズ","","40.2","293","393"
"87","","96","役所広司","ヤクショコウジ","69","40.2","151","365"
"91","104","146","浜辺美波","ハマベミナミ","25","40","210","318"
"92","","99","内野聖陽","ウチノセイヨウ","57","39.8","312","198"
"92","73","26","堺雅人","サカイマサト","52","39.8","25","339"
"92","87","232","坂口健太郎","サカグチケンタロウ","34","39.8","312","306"
"92","","63","佐藤浩市","サトウコウイチ","64","39.8","25","248"
"92","","139","高橋克典","タカハシカツノリ","60","39.8","176","279"
"92","30","43","山下智久","ヤマシタトモヒサ（ニュース）","40","39.8","151","491"
"98","121","189","濱田岳","ハマダガク","37","39.6","257","152"
"99","98","17","宇多田ヒカル","ウタダヒカル","42","39.3","8","373"
"99","369","117","設楽統（バナナマン）","シタラオサム（バナナマン）","52","39.3","94","545"
"99","168","180","仲里依紗","ナカリイサ","36","39.3","176","393"
"99","104","101","渡辺直美","ワタナベナオミ","38","39.3","94","400"
"103","","69","大沢たかお","オオサワタカオ","57","39.1","151","176"
"103","","150","オダギリジョー","オダギリジョー","49","39.1","196","337"
"103","46","110","仲間由紀恵","ナカマユキエ","46","39.1","94","261"
"103","205","139","原田泰造（ネプチューン）","ハラダタイゾウ（ネプチューン）","55","39.1","8","539"
"107","","162","江口洋介","エグチヨウスケ","57","38.9","94","400"
"107","93","110","遠藤憲一","エンドウケンイチ","64","38.9","94","235"
"107","98","167","岡田准一","オカダジュンイチ（ブイシックス）","45","38.9","176","539"
"107","","304","草刈正雄","クサカリマサオ","73","38.9","67","367"
"107","269","72","日村勇紀（バナナマン）","ヒムラユウキ（バナナマン）","53","38.9","8","639"
"107","55","96","米倉涼子","ヨネクラリョウコ","50","38.9","8","577"
"113","116","138","杏","アン","39","38.4","94","473"
"113","93","37","玉木宏","タマキヒロシ","45","38.4","127","380"
"115","","183","井浦新","イウラアラタ（アラタ）","51","38.2","451","62"
"115","29","24","岡田将生","オカダマサキ","36","38.2","268","182"
"115","","48","唐沢寿明","カラサワトシアキ","62","38.2","8","289"
"115","471","384","高橋文哉","タカハシフミヤ","24","38.2","503","133"
"115","62","198","戸田恵梨香","トダエリカ","37","38.2","226","298"
"115","74","285","二階堂ふみ","ニカイドウフミ","31","38.2","210","318"
"115","136","110","安田顕","ヤスダケン","51","38.2","324","255"
"115","","56","山口智子","ヤマグチトモコ","61","38.2","127","485"
"123","161","269","風間俊介","カザマシュンスケ","42","38","196","698"
"123","48","134","川口春奈","カワグチハルナ","30","38","151","568"
"123","","205","菅野美穂","カンノミホ","48","38","67","426"
"123","133","227","木村佳乃","キムラヨシノ","49","38","176","327"
"123","","150","坂口憲二","サカグチケンジ","50","38","293","223"
"123","","99","DAIGO","ダイゴ","47","38","67","254"
"123","165","189","中島健人","ナカジマケント（セクシー ゾーン）","31","38","324","339"
"123","165","260","山里亮太（南海キャンディーズ）","ヤマサトリョウタ（ナンカイキャンディーズ）","48","38","25","551"
"131","77","134","有村架純","アリムラカスミ","32","37.8","210","453"
"131","98","101","草彅剛","クサナギツヨシ（スマップ）","51","37.8","25","686"
"131","248","86","長谷川博己","ハセガワヒロキ","48","37.8","347","218"
"131","77","122","平野紫耀（Number_i）","ヒラノショウ（ナンバーアイ）","28","37.8","370","583"
"131","141","94","広瀬アリス","ヒロセアリス","30","37.8","94","446"
"136","50","60","ムロツヨシ","ムロツヨシ","49","37.6","67","577"
"137","84","168","上戸彩","ウエトアヤ","40","37.3","25","583"
"137","116","220","有働由美子","ウドウユミコ","56","37.3","151","530"
"137","","215","椎名桔平","シイナキッペイ","61","37.3","127","295"
"137","161","168","山崎育三郎","ヤマザキイクサブロウ","39","37.3","226","498"
"137","70","189","ゆず","ユズ","","37.3","257","592"
"142","77","32","真田広之","サナダヒロユキ","65","37.1","25","479"
"142","112","244","二宮和也（嵐）","ニノミヤカズナリ（アラシ）","42","37.1","94","783"
"142","84","101","福士蒼汰","フクシソウタ","32","37.1","210","412"
"142","127","56","向井理","ムカイオサム","43","37.1","94","545"
"146","277","311","板垣李光人","イタガキリヒト","23","36.9","432","152"
"146","","51","北村一輝","キタムラカズキ","56","36.9","127","188"
"146","59","281","桜井和寿（Mr.Children）","サクライカズトシ（ミスターチルドレン）","55","36.9","242","712"
"146","141","101","波瑠","ハル","34","36.9","196","400"
"146","149","198","山田裕貴","ヤマダユウキ","35","36.9","347","327"
"151","228","205","くりぃむしちゅー","クリィムシチュー","","36.7","127","649"
"151","","184","スピッツ","スピッツ","","36.7","525","104"
"151","","251","柳葉敏郎","ヤナギバトシロウ","64","36.7","127","592"
"151","","130","吉田羊","ヨシダヨウ","51","36.7","176","327"
"155","269","146","亀梨和也","カメナシカズヤ（カトゥーン）","39","36.4","67","660"
"155","","130","冨永愛","トミナガアイ","43","36.4","226","498"
"155","","110","菜々緒","ナナオ","37","36.4","176","641"
"155","","285","八嶋智人","ヤシマノリト","55","36.4","268","417"
"155","176","81","山田孝之","ヤマダタカユキ","42","36.4","151","458"
"160","109","139","大久保佳代子（オアシズ）","オオクボカヨコ（オアシズ）","55","36.2","94","545"
"160","248","126","櫻井翔（嵐）","サクライショウ（アラシ）","43","36.2","67","855"
"160","112","28","沢村一樹","サワムライッキ","58","36.2","94","285"
"160","121","351","堂本剛（DOMOTO（KinKi Kids））","ドウモトツヨシ（ドウモト（キンキキッズ））","46","36.2","94","668"
"160","194","269","浜田雅功（ダウンタウン）","ハマダマサトシ（ダウンタウン）","62","36.2","1","808"
"165","182","130","あいみょん","アイミョン","30","36","324","535"
"165","50","101","高橋一生","タカハシイッセイ","44","36","196","671"
"165","98","63","松重豊","マツシゲユタカ","62","36","396","135"
"165","67","81","松下洸平","マツシタコウヘイ","38","36","361","669"
"169","","126","IKKO","イッコー","63","35.8","48","592"
"169","104","71","黒木華","クロキハル","35","35.8","347","188"
"169","187","86","仲野太賀","ナカノタイガ","32","35.8","406","304"
"172","","156","浅田真央","アサダマオ","35","35.6","67","660"
"172","","76","織田裕二","オダユウジ","57","35.6","25","647"
"172","317","251","眞栄田郷敦","マエダゴウドン","25","35.6","412","384"
"172","198","335","松田元太（Travis Japan）","マツダゲンタ(トラビスジャパン)","26","35.6","539","412"
"172","68","232","Mrs.GREEN APPLE","ミセスグリーン アップル","","35.6","498","437"
"177","149","184","ウッチャンナンチャン","ウッチャンナンチャン","","35.3","176","618"
"177","390","134","羽鳥慎一","ハトリシンイチ","54","35.3","127","380"
"177","84","126","藤原竜也","フジワラタツヤ","43","35.3","196","306"
"180","158","130","秋山竜次（ロバート）","アキヤマリュウジ（ロバート）","47","35.1","151","775"
"180","","304","伊藤淳史","イトウアツシ","42","35.1","210","318"
"180","403","275","京本大我（SixTONES)","キョウモトタイガ（ストーンズ)","30","35.1","370","498"
"180","482","340","杉野遥亮","スギノヨウスケ","30","35.1","525","47"
"180","149","180","チョコレートプラネット","チョコレートプラネット","","35.1","347","400"
"185","219","232","上白石萌音","カミシライシモネ","27","34.9","257","559"
"185","187","162","近藤春菜（ハリセンボン）","コンドウハルナ（ハリセンボン）","42","34.9","48","877"
"185","","195","檀れい","ダンレイ","54","34.9","293","327"
"185","","244","桝太一","マスタイチ","44","34.9","312","306"
"185","205","150","若林正恭（オードリー）","ワカバヤシマサヤス（オードリー）","47","34.9","196","373"
"190","228","79","柄本佑","エモトタスク","38","34.7","293","592"
"190","146","285","窪田正孝","クボタマサタカ","37","34.7","370","339"
"190","219","117","玉森裕太（Kis-My-Ft2）","タマモリユウタ（キスマイフットツー）","35","34.7","347","479"
"190","149","67","DOMOTO(KinKi Kids)","ドウモト（キンキキッズ）","","34.7","347","327"
"190","","139","深田恭子","フカダキョウコ","43","34.7","48","712"
"190","","317","ミッツ・マングローブ","ミッツマングローブ","50","34.7","94","870"
"196","228","323","木村文乃","キムラフミノ","38","34.4","279","498"
"196","248","162","中川大志","ナカガワタイシ","27","34.4","432","235"
"196","350","227","松尾駿（チョコレートプラネット）","マツオシュン（チョコレートプラネット）","43","34.4","406","535"
"196","161","232","溝端淳平","ミゾバタジュンペイ","36","34.4","324","180"
"196","","205","山下達郎","ヤマシタタツロウ","72","34.4","226","710"
"201","356","139","赤楚衛二","アカソエイジ","31","34.2","451","280"
"201","291","281","新田真剣佑","アラタマッケンユウ（マッケンユウ）","29","34.2","384","551"
"201","149","296","生田斗真","イクタトウマ","41","34.2","176","804"
"201","","110","さかなクン","サカナクン","50","34.2","8","660"
"205","187","414","大森元貴（Mrs.GREEN APPLE）","オオモリモトキ(ミセスグリーンアップル)","29","34","486","539"
"205","121","150","香取慎吾","カトリシンゴ（スマップ）","48","34","48","877"
"205","","436","狩野英孝","カノエイコウ","43","34","196","698"
"205","133","445","河合優実","カワイユウミ","24","34","513","255"
"205","205","227","川島明（麒麟）","カワシマアキラ（キリン)","46","34","334","390"
"205","379","414","福原遥","フクハラハルカ","27","34","465","262"
"205","228","323","松本若菜","マツモトワカナ","41","34","564","84"
"212","516","484","池田エライザ","イケダエライザ","29","33.8","412","384"
"212","127","49","石原さとみ","イシハラサトミ","38","33.8","25","758"
"212","","232","柴咲コウ","シバサキコウ","44","33.8","67","612"
"212","182","251","奈緒","ナオ","30","33.8","503","95"
"212","390","391","藤ヶ谷太輔（Kis-My-Ft2）","フジガヤタイスケ（キスマイフットツー）","38","33.8","412","467"
"212","335","269","増田貴久（NEWS）","マスダタカヒサ（ニュース）","39","33.8","361","613"
"212","169","364","道枝駿佑（なにわ男子）","ミチエダシュンスケ（ナニワダンシ）","23","33.8","481","306"
"219","242","174","有吉弘行","アリヨシヒロイキ","51","33.3","1","847"
"219","214","260","長田庄平（チョコレートプラネット）","オサダショウヘイ（チョコレートプラネット）","45","33.3","483","120"
"219","317","232","成田凌","ナリタリョウ","32","33.3","432","267"
"219","242","205","松岡昌宏","マツオカマサヒロ（トキオ）","48","33.3","210","512"
"219","141","168","間宮祥太朗","マミヤショウタロウ","32","33.3","324","458"
"219","68","296","芳根京子","ヨシネキョウコ","28","33.3","396","613"
"225","214","311","King & Prince","キングアンドプリンス","","33.1","419","692"
"225","127","359","永瀬廉（King & Prince）","ナガセレン（ キングアンドプリンス）","26","33.1","370","539"
"227","403","215","アンタッチャブル","アンタッチャブル","","32.9","419","437"
"227","198","311","岡村隆史（ナインティナイン）","オカムラタカシ（ナインティナイン）","55","32.9","25","686"
"227","205","189","上白石萌歌","カミシライシモカ","25","32.9","293","592"
"227","214","198","さまぁ～ず","サマァ～ズ","","32.9","210","775"
"227","225","304","タカ（タカアンドトシ）","タカ（タカアンドトシ）","49","32.9","324","618"
"227","","180","ダルビッシュ有","ダルビッシュユウ","39","32.9","127","671"
"227","136","81","広瀬すず","ヒロセスズ","27","32.9","48","790"
"227","87","109","福山雅治","フクヤママサハル","56","32.9","1","1045"
"227","242","285","ラウール（Snow Man）","ラウール（スノーマン）","22","32.9","419","712"
"236","205","244","Official髭男dism","オフィシャルヒゲダンディズム","","32.7","629","66"
"236","379","257","小松菜奈","コマツナナ","29","32.7","486","369"
"236","","260","宮﨑あおい","ミヤザキアオイ","39","32.7","242","822"
"239","","424","石黒賢","イシグロケン","59","32.4","151","660"
"239","242","260","滝沢カレン","タキザワカレン","33","32.4","347","479"
"239","277","146","塚地武雅（ドランクドラゴン）","ツカジムガ（ドランクドラゴン）","54","32.4","176","641"
"239","291","402","濱家隆一（かまいたち）","ハマイエリュウイチ（カマイタチ）","42","32.4","451","158"
"239","","215","松下奈緒","マツシタナオ","40","32.4","312","337"
"244","","296","いきものがかり","イキモノガカリ","","32.2","334","545"
"244","","205","ウエンツ瑛士","ウエンツエイジ（ワット）","40","32.2","25","710"
"244","","424","高橋大輔","タカハシダイスケ","39","32.2","412","588"
"244","149","122","千鳥","チドリ","","32.2","293","393"
"244","","275","羽田美智子","ハダミチコ","57","32.2","361","577"
"244","205","158","松村北斗（SixTONES)","マツムラホクト（ストーンズ)","30","32.2","486","369"
"250","413","402","阿部亮平（Snow Man）","アベリョウヘイ（スノーマン）","31","32","532","218"
"250","","369","池上彰","イケガミアキラ","75","32","127","712"
"250","","198","鈴木保奈美","スズキホナミ","59","32","127","712"
"250","261","402","宮沢氷魚","ミヤザワヒオ","31","32","465","369"
"254","","162","井ノ原快彦","イノハラヨシヒコ（ブイシックス）","49","31.8","127","931"
"254","109","150","上野樹里","ウエノジュリ","39","31.8","242","583"
"254","","122","榮倉奈々","エイクラナナ","37","31.8","210","412"
"254","","227","桐谷美玲","キリタニミレイ","35","31.8","279","498"
"254","","335","郷ひろみ","ゴウヒロミ","70","31.8","1","924"
"254","369","340","白石麻衣","シライシマイ（ノギザカフォーティーシックス）","33","31.8","334","625"
"254","169","317","瀬戸康史","セトコウジ","37","31.8","432","530"
"254","261","323","Hey! Say! JUMP","ヘイセイジャンプ","","31.8","451","384"
"254","281","359","山崎弘也（アンタッチャブル）","ヤマザキヒロナリ（アンタッチャブル）","49","31.8","257","751"
"263","198","351","村上信五（SUPER EIGHT(関ジャニ∞)）","ムラカミシンゴ（スーパーエイト(カンジャニエイト)）","43","31.6","210","893"
"264","434","459","佐久間大介（Snow Man）","サクマダイスケ（スノーマン）","33","31.3","546","426"
"264","390","431","シソンヌ","シソンヌ","","31.3","629","232"
"264","228","174","滝藤賢一","タキトウケンイチ","49","31.3","347","446"
"264","","168","生瀬勝久","ナマセカツヒサ","65","31.3","151","568"
"264","169","323","比嘉愛未","ヒガマナミ","39","31.3","475","303"
"264","379","414","藤井風","フジイカゼ","28","31.3","525","686"
"270","","391","石川佳純","イシカワカスミ","32","31.1","406","491"
"270","","340","坂井真紀","サカイマキ","55","31.1","242","545"
"270","425","260","SUPER EIGHT(関ジャニ∞)","スーパーエイト(カンジャニエイト)","","31.1","483","365"
"270","","317","土屋太鳳","ツチヤタオ","30","31.1","127","948"
"270","269","232","林遣都","ハヤシケント","34","31.1","370","424"
"270","158","158","やす子","ヤスコ","27","31.1","127","1012"
"276","174","86","綾野剛","アヤノゴウ","43","30.9","151","751"
"276","362","369","新木優子","アラキユウコ","31","30.9","465","205"
"276","291","260","加藤清史郎","カトウセイシロウ","24","30.9","293","629"
"276","219","335","出川哲朗","デガワテツロウ","61","30.9","25","1041"
"276","205","205","YOSHIKI（X JAPAN）","ヨシキ（エックスジャパン）","60","30.9","279","825"
"281","","346","石田ひかり","イシダヒカリ","53","30.7","151","775"
"281","317","275","上田晋也（くりぃむしちゅー）","ウエダシンヤ（クリィムシチュー）","55","30.7","48","897"
"281","248","351","オードリー","オードリー","","30.7","226","808"
"281","281","174","桐谷健太","キリタニケンタ","45","30.7","279","539"
"281","425","","キンタロー。","キンタロー","44","30.7","127","1012"
"281","","323","寺島しのぶ","テラジマシノブ","52","30.7","196","712"
"281","228","376","中条あやみ","ナカジョウアヤミ","28","30.7","334","588"
"281","180","391","町田啓太","マチダケイタ","35","30.7","564","289"
"289","356","296","大倉忠義（SUPER EIGHT(関ジャニ∞)）","オオクラタダヨシ（スーパーエイト(カンジャニエイト)）","40","30.4","370","625"
"289","497","323","大橋和也（なにわ男子）","オオハシカズヤ(ナニワダンシ)","28","30.4","492","507"
"289","","205","志田未来","シダミライ","32","30.4","293","551"
"289","269","281","笑福亭鶴瓶","ショウフクテイツルベ","73","30.4","8","907"
"289","228","220","髙橋海人（King & Prince）","タカハシカイト（キングアンドプリンス）","26","30.4","396","641"
"289","","391","玉山鉄二","タマヤマテツジ","45","30.4","396","327"
"289","228","146","千葉雄大","チバユウダイ","36","30.4","293","679"
"289","342","502","トシ（タカアンドトシ）","トシ（タカアンドトシ）","49","30.4","226","783"
"289","413","323","ナインティナイン","ナインティナイン","","30.4","94","988"
"289","434","260","中村アン","ナカムラアン","38","30.4","406","621"
"289","451","232","Perfume","パフューム","","30.4","242","887"
"289","269","205","藤井聡太","フジイソウタ","23","30.4","347","909"
"289","194","220","松田龍平","マツダリュウヘイ","42","30.4","268","664"
"302","434","275","池田美優（みちょぱ）","イケダミユウ（ミチョパ）","27","30.2","279","915"
"302","187","369","磯村勇斗","イソムラハヤト","33","30.2","465","453"
"302","350","139","イモトアヤコ","イモトアヤコ","39","30.2","67","825"
"302","557","555","岩本照（Snow Man）","イワモトヒカル（スノーマン）","32","30.2","557","400"
"302","","232","大森南朋","オオモリナオ","53","30.2","396","451"
"302","356","215","尾上松也","オノエマツヤ","40","30.2","334","588"
"302","261","376","兼近大樹(EXIT)","カネチカダイキ（イグジット）","34","30.2","384","759"
"302","256","220","小峠英二（バイきんぐ）","コトウゲエイジ（バイキング）","49","30.2","48","712"
"302","242","459","清野菜名","セイノナナ","31","30.2","459","568"
"302","326","384","生見愛瑠（めるる）","ヌクミメル（メルル）","23","30.2","465","759"
"302","176","195","ノブ（千鳥）","ノブ（チドリ）","45","30.2","176","580"
"302","291","195","ヒコロヒー","ヒコロヒー","36","30.2","384","551"
"302","149","376","星野源","ホシノゲン","44","30.2","176","1029"
"302","198","269","満島真之介","ミツシマシンノスケ","36","30.2","293","705"
"302","","220","矢沢永吉","ヤザワエイキチ","76","30.2","8","1063"
"302","","431","リリー・フランキー","リリーフランキー","62","30.2","293","839"
"302","","184","渡辺謙","ワタナベケン","66","30.2","25","686"
"319","228","414","市原隼人","イチハラハヤト","38","30","210","751"
"319","342","391","柄本時生","エモトトキオ","36","30","361","490"
"319","","198","GACKT","ガクト","52","30","176","1007"
"319","281","376","劇団ひとり","ゲキダンヒトリ","48","30","67","909"
"319","550","323","中岡創一(ロッチ)","ナカオカソウイチ（ロッチ）","47","30","293","679"
"319","335","281","南原清隆（ウッチャンナンチャン）","ナンバラキヨタカ（ウッチャンナンチャン）","60","30","127","931"
"319","","285","森高千里","モリタカチサト","56","30","67","955"
"319","434","511","横山裕（SUPER EIGHT(関ジャニ∞))","ヨコヤマユウ（スーパーエイト(カンジャニエイト)）","44","30","268","900"
"327","","244","井上真央","イノウエマオ","38","29.8","242","671"
"327","362","346","ネプチューン","ネプチューン","","29.8","293","592"
"329","165","168","大谷亮平","オオタニリョウヘイ","45","29.6","513","412"
"329","291","410","タカアンドトシ","タカアンドトシ","","29.6","176","841"
"329","269","285","吉岡里帆","ヨシオカリホ","32","29.6","324","768"
"332","491","492","上田竜也","ウエダタツヤ（カトゥーン）","42","29.3","370","841"
"332","335","466","清原果耶","キヨハラカヤ","23","29.3","503","251"
"332","369","376","SixTONES","ストーンズ","","29.3","513","551"
"332","291","168","竹内涼真","タケウチリョウマ","32","29.3","94","870"
"332","","532","山本美月","ヤマモトミヅキ","34","29.3","492","235"
"337","399","384","EXIT","イグジィット","","29.1","465","406"
"337","403","251","春日俊彰（オードリー）","カスガトシアキ（オードリー）","46","29.1","67","1056"
"337","291","414","かまいたち","カマイタチ","","29.1","481","280"
"337","228","351","菊池風磨（timelesz）","キクチフウマ（タイムレス(セクシーゾーン)）","30","29.1","334","1041"
"337","356","351","Kis-My-Ft2","キスマイフットツー","","29.1","444","588"
"337","","244","JUJU","ジュジュ","49","29.1","312","786"
"337","326","251","東京03","トウキョウゼロサン","","29.1","597","109"
"337","","391","錦戸亮","ニシキドリョウ（カンジャニエイト）","41","29.1","279","937"
"337","529","391","堀田真由","ホッタマユ","27","29.1","546","262"
"337","","296","渡部篤郎","ワタベアツロウ","57","29.1","257","751"
"347","219","122","岩田剛典（三代目 J SOUL BROTHERS）","イワタタカノリ（サンダイメジェイソウルブラザーズ）","36","28.9","257","775"
"347","261","189","佐藤二朗","サトウジロウ","56","28.9","242","545"
"347","","476","長嶋一茂","ナガシマカズシゲ","59","28.9","48","1163"
"347","326","317","橋本環奈","ハシモトカンナ（レブフロムディーブイエル）","26","28.9","127","948"
"347","326","304","爆笑問題","バクショウモンダイ","","28.9","127","1099"
"347","","574","船越英一郎","フナコシエイイチロウ","65","28.9","67","1038"
"347","304","340","松本まりか","マツモトマリカ","41","28.9","432","779"
"354","","592","梅沢富美男","ウメザワトミオ","75","28.7","94","988"
"354","","567","椎名林檎","シイナリンゴ","47","28.7","293","1168"
"354","281","220","三浦翔平","ミウラショウヘイ","37","28.7","384","507"
"354","403","555","宮澤エマ","ミヤザワエマ","37","28.7","465","583"
"358","","592","石丸幹二","イシマルカンジ","60","28.4","551","270"
"358","291","502","佐藤勝利（timelesz）","サトウショウリ（タイムレス(セクシーゾーン)）","29","28.4","539","613"
"358","","189","藤井フミヤ","フジイフミヤ","63","28.4","25","960"
"358","225","402","矢部浩之（ナインティナイン）","ヤベヒロユキ（ナインティナイン）","54","28.4","151","986"
"362","","402","aiko","アイコ","50","28.2","384","852"
"362","326","260","児嶋一哉（アンジャッシュ）","コジマカズヤ（アンジャッシュ）","53","28.2","210","751"
"362","350","402","小杉竜一（ブラックマヨネーズ）","コスギリュウイチ（ブラックマヨネーズ）","52","28.2","324","893"
"362","248","184","趣里","シュリ","35","28.2","419","564"
"362","342","449","SEKAI NO OWARI","セカイノオワリ","","28.2","521","568"
"362","425","323","中島裕翔","ナカジマユウト（ヘイセイジャンプ）","32","28.2","503","629"
"362","573","346","名倉潤（ネプチューン）","ナグラジュン（ネプチューン）","57","28.2","25","1041"
"362","","227","速水もこみち","ハヤミモコミチ","41","28.2","94","841"
"362","","449","ポルノグラフィティ","ポルノグラフィティ","","28.2","419","692"
"362","","351","松岡修造","マツオカシュウゾウ","58","28.2","67","1015"
"362","228","296","三村マサカズ（さまぁ～ず）","ミムラマサカズ（サマァーズ）","58","28.2","151","960"
"362","413","445","みやぞん","ミヤゾン（アンゼンマンザイ）","40","28.2","396","768"
"362","390","449","ロッチ","ロッチ","","28.2","370","804"
"375","261","251","浅野忠信","アサノタダノブ","51","28","334","897"
"375","399","502","角田晃広（東京03）","カクタアキヒロ（トウキョウゼロサン）","51","28","653","55"
"375","317","470","神尾楓珠","カミオフウジュ","26","28","539","325"
"375","","436","倉科カナ","クラシナカナ","37","28","384","817"
"375","478","311","柴田英嗣（アンタッチャブル）","シバタヒデツグ（アンタッチャブル）","50","28","312","808"
"375","","198","高嶋ちさ子","タカシマチサコ","57","28","48","1072"
"375","281","275","ハライチ","ハライチ","","28","361","669"
"375","","220","古田新太","フルタアラタ","59","28","226","928"
"375","194","285","吉田鋼太郎","ヨシダコウタロウ","66","28","347","683"
"384","","376","今田耕司","イマダコウジ","59","27.8","67","909"
"385","506","424","王林","オウリン（リンゴムスメ）","27","27.6","279","855"
"385","317","414","川栄李奈","カワエイリナ（エーケービーフォーティーエイト）","30","27.6","312","808"
"385","317","244","King Gnu","キングヌー","","27.6","653","125"
"385","434","273","澤部佑（ハライチ）","サワベユウ（ハライチ）","39","27.6","196","955"
"385","467","285","ジェシー（SixTONES)","ジェシー（ストーンズ)","29","27.6","475","797"
"385","326","317","城島茂","ジョウシマシゲル（トキオ）","55","27.6","151","1045"
"391","506","205","大竹一樹（さまぁ～ず）","オオタケカズキ（サマァ～ズ）","57","27.3","176","1007"
"391","335","424","岡部大（ハナコ）","オカベダイ（ハナコ）","36","27.3","465","859"
"391","471","555","岸井ゆきの","キシイユキノ","33","27.3","577","267"
"391","","174","小池徹平","コイケテッペイ（ワット）","39","27.3","242","768"
"391","","340","杉本哲太","スギモトテッタ","60","27.3","293","870"
"391","277","364","染谷将太","ソメタニショウタ","33","27.3","459","671"
"391","","184","谷原章介","タニハラショウスケ","53","27.3","67","1015"
"398","403","369","有田哲平（くりぃむしちゅー）","アリタテッペイ（クリィムシチュー）","54","27.1","196","955"
"398","369","402","太田光（爆笑問題）","オオタヒカリ（バクショウモンダイ）","60","27.1","48","1007"
"398","633","640","桜井ユキ","サクライユキ","38","27.1","661","104"
"398","","449","高橋英樹","タカハシヒデキ","81","27.1","94","1023"
"398","","346","羽生結弦","ハニュウユズル","30","27.1","67","1208"
"398","434","484","矢作兼（おぎやはぎ）","ヤハギケン（オギヤハギ）","54","27.1","334","1020"
"404","497","466","生田絵梨花","イクタエリカ（ノギザカフォーティーシックス）","28","26.9","492","817"
"404","","335","篠原涼子","シノハラリョウコ","52","26.9","67","1082"
"404","304","351","高橋茂雄（サバンナ）","タカハシシゲオ（サバンナ）","49","26.9","279","887"
"404","","364","武井咲","タケイエミ","31","26.9","257","1063"
"404","","285","MEGUMI","メグミ","44","26.9","242","986"
"404","413","384","百田夏菜子（ももいろクローバーＺ）","モモタカナコ（モモイロクローバーゼット）","31","26.9","396","692"
"404","573","567","安田章大（SUPER EIGHT(関ジャニ∞)）","ヤスダショウタ（スーパーエイト(カンジャニエイト)）","41","26.9","432","884"
"411","304","285","朝日奈央","アサヒナオ","31","26.7","432","647"
"411","596","597","あの","アノ","","26.7","257","1134"
"411","516","359","伊野尾慧（Hey! Say! JUMP）","イノオケイ（ヘイセイジャンプ）","35","26.7","347","884"
"411","562","502","大西流星（なにわ男子）","オオニシリュウセイ(ナニワダンシ)","24","26.7","564","808"
"411","","470","加藤浩次","カトウコウジ","56","26.7","67","1038"
"411","","376","サンシャイン池崎","サンシャインイケザキ","44","26.7","370","841"
"411","447","609","丸山隆平（SUPER EIGHT(関ジャニ∞)）","マルヤマリュウヘイ（スーパーエイト(カンジャニエイト)）","42","26.7","419","797"
"411","467","481","山内健司（かまいたち）","ヤマウチケンジ（カマイタチ）","44","26.7","475","417"
"411","497","244","吉村崇（平成ノブシコブシ）","ヨシムラタカシ（ヘイセイノブシコブシ）","45","26.7","268","980"
"420","248","384","後藤輝基（フットボールアワー）","ゴトウテルモト（フットボールアワー）","51","26.4","361","768"
"420","","541","斉藤和義","サイトウカズヨシ","59","26.4","492","507"
"420","304","340","田中裕二（爆笑問題）","タナカユウジ（バクショウモンダイ）","60","26.4","67","1082"
"420","573","484","知念侑李（Hey! Say! JUMP）","チネンユウリ（ヘイセイジャンプ）","31","26.4","546","426"
"420","182","431","Number_i","ナンバーアイ","","26.4","557","707"
"420","482","519","フットボールアワー","フットボールアワー","","26.4","459","887"
"420","557","519","渡辺翔太（Snow Man）","ワタナベショウタ（スノーマン）","33","26.4","532","822"
"427","","502","浅利陽介","アサリヨウスケ","38","26.2","551","205"
"427","369","232","市川実日子","イチカワミカコ","47","26.2","589","103"
"427","633","492","岩井勇気（ハライチ）","イワイユウキ（ハライチ）","39","26.2","432","849"
"427","","257","大島優子","オオシマユウコ（エーケービーフォーティーエイト）","37","26.2","176","924"
"427","545","257","おぎやはぎ","オギヤハギ","","26.2","334","1059"
"427","","335","佐々木希","ササキノゾミ","37","26.2","151","1096"
"427","225","532","じろう（シソンヌ）","ジロウ（シソンヌ）","47","26.2","675","322"
"427","","546","杉浦太陽","スギウラタイヨウ","44","26.2","293","1087"
"427","317","359","大悟（千鳥）","ダイゴ（チドリ）","45","26.2","312","880"
"427","","526","トリンドル玲奈","トリンドルレイナ","33","26.2","334","841"
"427","350","470","なかやまきんに君","ナカヤマキンニクン","47","26.2","176","1063"
"427","356","304","ぺこぱ","ペコパ","","26.2","370","649"
"427","538","526","森崎ウィン","モリサキウイン","35","26.2","564","223"
"427","550","459","竜星涼","リュウセイリョウ","32","26.2","586","417"
"441","","449","黒木瞳","クロキヒトミ","65","26","67","1105"
"441","497","323","3時のヒロイン","サンジノヒロイン","","26","419","897"
"441","379","296","ダウンタウン","ダウンタウン","","26","8","1180"
"441","","476","中川翔子","ナカガワショウコ","40","26","242","1097"
"441","580","592","松島聡（timelesz）","マツシマソウ（タイムレス(セクシーゾーン)）","27","26","653","426"
"441","248","346","YOASOBI","ヨアソビ","","26","525","686"
"447","413","391","岸優太（Number_i）","キシユウタ（ナンバーアイ）","30","25.8","432","909"
"447","588","492","timelesz","タイムレス（セクシーゾーン）","","25.8","691","135"
"447","471","492","津田健次郎","ツダケンジロウ","54","25.8","608","143"
"447","516","546","Travis Japan","トラビスジャパン","","25.8","683","289"
"447","529","431","藤井貴彦","フジイタカヒコ","53","25.8","532","453"
"452","516","304","池松壮亮","イケマツソウスケ","35","25.6","521","568"
"452","","546","加瀬亮","カセリョウ","51","25.6","581","240"
"452","291","436","門脇麦","カドワキムギ","33","25.6","444","980"
"452","506","369","かなで（3時のヒロイン）","カナデ（サンジノヒロイン）","33","25.6","432","884"
"452","","476","秦基博","ハタモトヒロ","45","25.6","503","535"
"452","457","285","バイきんぐ","バイキング","","25.6","498","389"
"452","633","459","福田麻貴（3時のヒロイン）","フクダマキ（サンジノヒロイン）","37","25.6","347","1029"
"459","457","414","こっちのけんと","コッチノケント","29","25.3","370","958"
"459","369","369","千原ジュニア（千原兄弟）","チハラジュニア（チハラキョウダイ）","51","25.3","279","964"
"459","214","519","永山瑛太","ナガヤマエイタ","42","25.3","459","849"
"459","","484","本郷奏多","ホンゴウカナタ","35","25.3","546","380"
"459","326","311","松岡茉優","マツオカマユ","30","25.3","406","779"
"459","","296","松坂大輔","マツザカダイスケ","45","25.3","279","1023"
"465","","616","小手伸也","コテシンヤ","51","25.1","444","1045"
"465","335","481","鈴鹿央士","スズカオウジ","25","25.1","564","325"
"465","","410","寺田心","テラダココロ","17","25.1","334","870"
"465","","546","長野博","ナガノヒロシ（ブイシックス）","53","25.1","432","1056"
"465","457","484","長谷川忍（シソンヌ）","ハセガワシノブ（シソンヌ）","47","25.1","625","339"
"465","434","526","ハナコ","ハナコ","","25.1","551","756"
"465","","583","本田真凜","ホンダマリン","24","25.1","370","983"
"465","434","476","宮野真守","ミヤノマモル","42","25.1","513","896"
"465","","391","山崎まさよし","ヤマザキマサヨシ","53","25.1","279","825"
"474","425","502","小木博明（おぎやはぎ）","オギヒロアキ（オギヤハギ）","54","24.9","419","797"
"474","269","364","八村塁","ハチムラルイ","27","24.9","347","1108"
"474","596","546","向井康二（Snow Man）","ムカイコウジ（スノーマン）","31","24.9","618","446"
"474","425","597","森本慎太郎（SixTONES)","モリモトシンタロウ（ストーンズ）","28","24.9","581","564"
"478","390","449","幾田りら（YOASOBI）","イクタリラ（ヨアソビ）","25","24.7","589","437"
"478","562","424","戸塚純貴","トヅカジュンキ","33","24.7","691","25"
"478","610","436","なにわ男子","ナニワダンシ","","24.7","603","756"
"478","","562","野々村友紀子","ノノムラユキコ","51","24.7","589","801"
"478","390","466","三笘薫","ミトマカオル","28","24.7","636","280"
"478","","384","三宅健","ミヤケケン（ブイシックス）","46","24.7","257","1092"
"484","","511","Toshl（X JAPAN）","トシ（エックス　ジャパン）","60","24.4","384","1010"
"484","","502","西田尚美","ニシダナオミ","","24.4","661","65"
"484","610","410","長谷川雅紀（錦鯉）","ハセガワマサノリ(ニシキゴイ)","54","24.4","475","880"
"484","471","424","宮舘涼太（Snow Man）","ミヤダテリョウタ（スノーマン）","32","24.4","597","712"
"484","660","484","渡辺隆（錦鯉）","ワタナベタカシ(ニシキゴイ)","47","24.4","513","702"
"489","550","511","木村昴","キムラスバル","35","24.2","498","793"
"489","562","567","田中みな実","タナカミナミ","39","24.2","127","1140"
"489","482","369","眞島秀和","マシマヒデカズ","49","24.2","581","313"
"489","529","629","ももいろクローバーＺ","モモイロクローバーゼット","","24.2","498","870"
"493","482","391","河合郁人","カワイフミト（エー.ビー.シー-ジィー）","38","24","465","825"
"493","601","436","せいや（霜降り明星）","セイヤ（シモフリミョウジョウ）","33","24","384","1140"
"493","413","583","田中樹（SixTONES)","タナカジュリ（ストーンズ）","30","24","551","786"
"493","482","304","back number","バックナンバー","","24","721","80"
"493","550","574","深澤辰哉（Snow Man）","フカザワタツヤ（スノーマン）","33","24","589","763"
"493","326","502","本田翼","ホンダツバサ","33","24","242","1112"
"493","","431","前田敦子","マエダアツコ（エーケービーフォーティーエイト）","34","24","94","1111"
"500","668","583","井桁弘恵","イゲタヒロエ","28","23.8","618","491"
"500","291","449","佐野勇斗（M!LK）","サノハヤト（ミルク）","27","23.8","608","530"
"500","317","481","高杉真宙","タカスギマヒロ","29","23.8","618","218"
"500","491","364","錦鯉","ニシキゴイ","","23.8","412","919"
"504","497","466","新しい学校のリーダーズ","アタラシイガッコウノリーダーズ","","23.6","459","1105"
"504","","683","伊沢拓司","イザワタクシ","31","23.6","503","583"
"504","","532","高良健吾","コウラケンゴ","38","23.6","525","804"
"504","","359","佐藤隆太","サトウリュウタ","45","23.6","419","797"
"504","","574","橋本愛","ハシモトアイ","29","23.6","551","702"
"504","741","734","原菜乃華","ハラナノカ","22","23.6","675","437"
"504","356","532","藤田ニコル","フジタニコル","27","23.6","242","1161"
"511","694","","寺西拓人(timelesz)","テラニシタクト（タイムレス）","30","23.3","807","74"
"512","","532","青木崇高","アオキムネタカ","45","23.1","618","335"
"512","","484","荒川良々","アラカワヨシヨシ","51","23.1","603","625"
"512","","562","中村俊介","ナカムラシュンスケ","50","23.1","572","790"
"512","642","519","パンサー","パンサー","43","23.1","539","975"
"516","478","511","Ado","アド","23","22.9","608","707"
"516","447","492","井上芳雄","イノウエヨシオ","46","22.9","486","847"
"516","","624","香里奈","カリナ","41","22.9","384","1033"
"516","562","567","神田愛花","カンダアイカ","45","22.9","406","1139"
"516","821","831","永尾柚乃","ナガオユノ","9","22.9","618","491"
"516","","666","濱田龍臣","ハマダタツオミ","25","22.9","521","649"
"516","399","562","ブラックマヨネーズ","ブラックマヨネーズ","","22.9","312","1089"
"516","601","376","松丸亮吾","マツマルリョウゴ","29","22.9","412","855"
"516","","609","森田剛","モリタゴウ（ブイシックス）","46","22.9","242","1170"
"516","471","384","りんたろー。（EXIT)","リンタロー。（イグジット）","39","22.9","419","1023"
"526","","526","千原兄弟","チハラキョウダイ","","22.7","396","1099"
"526","","436","中山秀征","ナカヤマヒデユキ","58","22.7","94","1177"
"526","482","436","なすなかにし","ナスナカニシ","","22.7","738","57"
"526","706","640","八乙女光（Hey! Say! JUMP）","ヤオトメヒカル（ヘイセイジャンプ）","34","22.7","532","1061"
"526","","492","吉田沙保里","ヨシダサオリ","43","22.7","257","1206"
"531","491","459","市川新之助（八代目／堀越勸玄）","イチカワシンノスケ（ホリコシカンゲン）","12","22.4","572","825"
"531","694","574","DISH//","ディッシュ","","22.4","738","125"
"531","681","700","藤原丈一郎（なにわ男子）","フジワラジョウイチロウ(ナニワダンシ)","29","22.4","691","485"
"531","434","402","宮川大輔","ミヤガワダイスケ","53","22.4","226","1134"
"531","","323","ローラ","ローラ","35","22.4","226","1176"
"536","","541","岡山天音","オカヤマアマネ","31","22.2","683","196"
"536","674","470","春風亭昇太","シュンプウテイショウタ","65","22.2","557","504"
"536","642","640","宮田俊哉（Kis-My-Ft2）","ミヤタトシヤ（キスマイフットツー）","37","22.2","557","919"
"539","","555","勝俣州和","カツマタクニカズ","60","22","67","1181"
"539","","583","上地雄輔","カミジユウスケ","46","22","242","1213"
"539","","541","剛力彩芽","ゴウリキアヤメ","33","22","151","1204"
"539","350","275","佐々木朗希","ササキロウキ","24","22","396","1122"
"539","674","640","粗品（霜降り明星）","ソシナ（シモフリミョウジョウ）","32","22","451","1159"
"539","","511","原田龍二","ハラダリュウジ","55","22","334","1098"
"539","557","602","ぼる塾","ボルジュク","","22","498","1125"
"546","","609","飯豊まりえ","イイトヨマリエ","27","21.8","539","763"
"546","732","649","EXILE NAOTO（三代目 J SOUL BROTHERS）","エグザイル　ナオト（サンダイメジェイソウルブラザーズ）","42","21.8","675","437"
"546","","562","コカドケンタロウ(ロッチ)","コカドケンタロウ（ロッチ）","47","21.8","589","763"
"546","686","459","関口メンディー","セキグチメンディー（ジェネレーションズ フロム エグザイルトライブ）","34","21.8","268","1153"
"546","506","351","武田真一","タケタシンイチ","58","21.8","513","859"
"546","686","574","西畑大吾（なにわ男子）","ニシハタダイゴ（ナニワダンシ）","28","21.8","636","825"
"546","625","502","平子祐希（アルコ＆ピース）","ヒラコユウキ（アルコ＆ピース）","46","21.8","589","849"
"546","653","734","宮近海斗（Travis Japan）","ミヤチカカイト（トラビスジャパン）","28","21.8","725","390"
"554","580","602","石川祐希","イシカワユウキ","29","21.6","729","295"
"554","601","317","EXILE TAKAHIRO","エグザイル　タカヒロ","40","21.6","384","1131"
"554","601","532","鈴木伸之","スズキノブユキ","33","21.6","629","632"
"554","769","818","高橋恭平（なにわ男子）","タカハシキョウヘイ(ナニワダンシ)","25","21.6","706","512"
"554","","492","田中哲司","タナカテツシ","59","21.6","503","686"
"554","674","","野田クリスタル（マヂカルラブリー）","ノダクリスタル（マヂカルラブリー）","38","21.6","589","801"
"554","","609","真飛聖","マトブセイ","49","21.6","725","144"
"554","715","728","見取り図","ミトリズ","","21.6","589","801"
"562","668","597","伊原六花","イハラリッカ","26","21.3","597","649"
"562","668","712","浮所飛貴（ACEes）","ウキショヒダカ（エイシーズ（ビショウネン））","23","21.3","691","551"
"562","","629","軽部真一","カルベシンイチ","63","21.3","412","1122"
"562","732","649","久保建英","クボタケフサ","24","21.3","653","895"
"562","629","722","髙地優吾（SixTONES)","コウチユウゴ（ストーンズ）","31","21.3","629","855"
"562","580","640","西野七瀬","ニシノナナセ（ノギザカフォーティーシックス）","31","21.3","572","530"
"562","","459","野間口徹","ノマグチトオル","52","21.3","639","384"
"562","660","659","堀田茜","ホッタアカネ","33","21.3","603","790"
"562","588","592","松本穂香","マツモトホノカ","28","21.3","603","406"
"571","","424","阿部一二三","アベヒフミ","28","21.1","444","1077"
"571","","674","北山宏光","キタヤマヒロミツ（キスマイフットツー）","40","21.1","451","1132"
"571","601","666","小山慶一郎（NEWS）","コヤマケイイチロウ（ニュース）","41","21.1","361","1212"
"571","523","592","富田望生","トミタミウ","25","21.1","706","390"
"571","788","728","細田佳央太","ホソダカナタ","23","21.1","761","152"
"571","805","758","前田旺志郎","マエダオウシロウ","24","21.1","701","229"
"571","","609","三浦貴大","ミウラタカヒロ","40","21.1","608","707"
"578","557","753","おいでやす小田（おいでやすこが）","オイデヤスオダ（オイデヤスコガ）","47","20.9","539","975"
"578","","470","徳光和夫","トクミツカズオ","84","20.9","8","1234"
"578","557","414","NEWS","ニュース","","20.9","444","1061"
"578","516","511","坂東龍汰","バンドウリョウタ","28","20.9","784","45"
"578","562","693","山下美月","ヤマシタミヅキ（ノギザカフォーティーシックス）","26","20.9","661","453"
"583","457","574","亜生(ミキ)","アセイ（ミキ）","37","20.7","572","907"
"583","610","674","加藤シゲアキ（NEWS）","カトウシゲアキ（ニュース）","38","20.7","419","1174"
"583","562","476","重岡大毅（WEST.）","シゲオカダイキ（ウエスト（ジャニーズウエスト））","33","20.7","475","1069"
"583","668","588","七五三掛龍也（Travis Japan）","シメカケリュウヤ（トラビスジャパン）","30","20.7","774","99"
"583","562","449","神宮寺勇太（Number_i）","ジングウジユウタ（ナンバーアイ）","28","20.7","586","915"
"583","674","666","髙橋藍","タカハシラン","24","20.7","754","446"
"583","788","712","松倉海斗(Travis Japan)","マツクラカイト（トラビスジャパン）","28","20.7","801","93"
"583","362","662","水上恒司","ミズカミコウシ（オカダケンシ）","26","20.7","666","467"
"583","629","597","山本由伸","ヤマモトヨシノブ","27","20.7","636","681"
"592","706","649","アインシュタイン","アインシュタイン","","20.4","564","1079"
"592","610","602","昴生（ミキ）","コウセイ（ミキ）","39","20.4","486","1158"
"592","642","546","小関裕太","コセキユウタ","30","20.4","691","306"
"592","633","555","指原莉乃","サシハラリノ（エイチケーティーフォーティーエイト）","33","20.4","127","1240"
"592","741","602","白濱亜嵐（GENERATIONS from EXILE TRIBE）","シラハマアラン（ジェネレーションズフロムエグザイルトライブ）","32","20.4","625","698"
"592","681","649","辻岡義堂","ツジアカギドウ","39","20.4","608","763"
"592","","511","つるの剛士","ツルノタケシ","50","20.4","94","1204"
"592","633","728","山下健二郎（三代目 J SOUL BROTHERS）","ヤマシタケンジロウ（サンダイメジェイソウルブラザーズ）","40","20.4","597","817"
"592","621","609","ゆめっち（3時のヒロイン）","ユメッチ(サンジノヒロイン)","31","20.4","465","1132"
"601","","683","葵わかな","アオイワカナ","27","20.2","586","833"
"601","451","449","市川團十郎(十三代目/市川海老蔵)","イチカワダンジュウロウ(イチカワエビゾウ)","47","20.2","419","1157"
"601","","574","きゃりーぱみゅぱみゅ","キャリーパミュパミュ","32","20.2","196","1229"
"601","538","741","桜田ひより","サクラダヒヨリ","22","20.2","706","188"
"601","","683","須賀健太","スガケンタ","31","20.2","653","426"
"601","732","629","花村想太（Da-iCE）","ハナムラソウタ(ダイス)","35","20.2","801","176"
"601","","649","蛍原徹","ホトハラトオル（アメアガリケッシタイ）","57","20.2","451","960"
"601","783","629","見上愛","ミカミアイ","25","20.2","714","473"
"601","732","666","森田哲矢（さらば青春の光）","モリタテツヤ（サラバセイシュンノヒカリ）","44","20.2","643","983"
"601","","693","横山だいすけ","ヨコヤマダイスケ","42","20.2","701","322"
"611","","659","河北麻友子","カワキタマユコ","33","20","451","1115"
"611","798","616","Da-iCE","ダイス","","20","812","76"
"611","","583","長州力","チョウシュウリキ","73","20","334","1211"
"611","","629","夏菜","ナツナ","36","20","551","866"
"611","857","921","畑芽育","ハタメイ","23","20","729","148"
"611","","666","馬場典子","ババノリコ","51","20","643","458"
"611","732","567","盛山晋太郎(見取り図)","モリヤマシンタロウ（ミトリズ）","39","20","639","793"
"611","610","674","矢本悠馬","ヤモトユウマ","35","20","675","437"
"619","642","470","霜降り明星","シモフリミョウジョウ","","19.8","444","1179"
"619","721","741","長濱ねる","ナガハマネル（ケヤキザカフォーティーシックス）","27","19.8","691","367"
"619","","532","本田望結","ホンダミユ","21","19.8","432","1145"
"619","588","773","森七菜","モリナナ","24","19.8","483","1122"
"623","732","649","津田篤宏（ダイアン）","ツダアツヒロ（ダイアン）","49","19.6","629","768"
"623","660","492","ミキ","ミキ","","19.6","577","924"
"623","660","683","ミルクボーイ","ミルクボーイ","","19.6","691","551"
"623","828","674","森川葵","モリカワアオイ","30","19.6","661","866"
"623","769","734","令和ロマン","レイワロマン","","19.6","831","240"
"623","","624","蓮佛美沙子","レンブツミサコ","34","19.6","701","376"
"629","529","484","R-指定（Creepy Nuts）","アールシテイ（クリーピーナッツ）","34","19.3","675","491"
"629","545","414","伊藤健太郎","イトウケンタロウ（ケンタロウ）","28","19.3","486","1140"
"629","447","616","Creepy Nuts","クリーピーナッツ","","19.3","625","1010"
"632","","712","井上咲楽","イノウエサクラ","26","19.1","492","1051"
"632","633","597","岡田結実","オカダユイ","25","19.1","370","1181"
"632","821","981","佐野晶哉(Aぇ！group)","サノマサヤ（エエ！グループ）","23","19.1","796","426"
"632","","602","杉村太蔵","スギムラタイゾウ","46","19.1","361","1206"
"632","828","700","長尾謙杜（なにわ男子）","ナガオケント(ナニワダンシ)","23","19.1","734","437"
"632","","526","平野美宇","ヒラノミウ","25","19.1","603","948"
"632","588","541","堀内健（ネプチューン）","ホリウチケン（ネプチューン）","55","19.1","127","1231"
"632","625","519","堀越麗禾（市川ぼたん）","ホリコシレイカ（イチカワボタン ）","14","19.1","647","712"
"632","","616","丸山桂里奈","マルヤマカリナ","42","19.1","210","1234"
"641","","445","岩尾望（フットボールアワー）","イワオノゾム（フットボールアワー）","49","18.9","419","1174"
"641","653","","尾形貴弘（パンサー）","オガタタカヒロ（パンサー）","48","18.9","597","937"
"641","","526","河村勇輝","カワムラユウキ","24","18.9","831","178"
"641","","323","鈴木砂羽","スズキサワ","53","18.9","444","1045"
"641","","616","塚田僚一（A.B.C-Z）","ツカダリョウイチ（エー.ビー.シー-ジィー）","38","18.9","503","1082"
"641","706","712","NiziU","ニジュー","","18.9","683","786"
"641","588","511","東野幸治","ヒガシノコウジ","58","18.9","210","1228"
"641","792","629","古川雄大","フルカワユウタ","38","18.9","779","135"
"641","573","519","松本人志（ダウンタウン）","マツモトヒトシ（ダウンタウン）","62","18.9","48","1257"
"641","642","741","丸山礼","マルヤマレイ","28","18.9","608","967"
"641","706","541","LiSA","リサ","38","18.9","521","937"
"652","660","700","有岡大貴（Hey! Say! JUMP）","アリオカダイキ（ヘイセイジャンプ）","34","18.7","564","1079"
"652","","693","石橋静河","イシバシシズカ","31","18.7","701","712"
"652","750","683","稲田直樹（アインシュタイン）","イナダナオキ（アインシュタイン）","40","18.7","532","1160"
"652","","555","太川陽介","タガワヨウスケ","66","18.7","312","1227"
"652","","640","中村七之助","ナカムラシチノスケ","42","18.7","639","793"
"652","775","629","萩原利久","ハギワラリク","26","18.7","688","470"
"652","741","","原嘉孝(timelesz)","ハラヨシタカ（タイムレス）","30","18.7","706","692"
"652","660","781","福本莉子","フクモトリコ","25","18.7","761","313"
"660","668","753","江藤愛","エトウアイ","40","18.4","779","369"
"660","775","609","片寄涼太(GENERATIONS from EXILE TRIBE)","カタヨセリョウタ（ジェネレーションズフロムエグザイルトライブ）","31","18.4","513","1105"
"660","","567","こがけん（おいでやすこが）","コガケン（オイデヤスコガ）","46","18.4","597","1069"
"660","","445","坂上忍","サカガミシノブ","58","18.4","94","1238"
"660","721","674","渋谷凪咲","シブヤナギサ(エヌエムビーフォーティーエイト)","29","18.4","691","485"
"660","","574","新川優愛","シンカワユア","31","18.4","647","592"
"660","","728","野村周平","ノムラシュウヘイ","32","18.4","581","1015"
"660","674","588","早田ひな","ハヤタヒナ","25","18.4","683","887"
"660","721","629","弘中綾香","ヒロナカアヤカ","34","18.4","532","1112"
"660","694","700","宮下草薙","ミヤシタクサナギ","34","18.4","647","681"
"660","660","712","ゆうちゃみ（古川優奈）","ユウチャミ（コガワユウナ）","24","18.4","557","1168"
"671","","683","純烈","ジュンレツ","","18.2","557","1053"
"671","","546","村上佳菜子","ムラカミカナコ","31","18.2","226","1239"
"671","","616","村上虹郎","ムラカミニジロウ","28","18.2","629","937"
"674","891","758","犬飼貴丈","イヌカイアツヒロ","31","18","738","210"
"674","","629","IMALU","イマル","36","18","268","1245"
"674","668","546","白洲迅","シラスジン","33","18","721","511"
"674","","546","鈴木浩介","スズキコウスケ","50","18","688","530"
"674","721","629","千賀健永（Kis-My-Ft2）","センガケント（キスマイフットツー）","34","18","503","1115"
"674","841","712","藤井流星（WEST.）","フジイリュウセイ（ウエスト（ジャニーズウエスト））","32","18","683","887"
"680","686","722","伊藤俊介（オズワルド）","イトウシュンスケ（オズワルド）","36","17.8","577","1095"
"680","741","758","イワクラ（蛙亭）","イワクラ（カエルテイ）","35","17.8","618","1166"
"680","798","818","A.B.C-Z","エービーシージー","","17.8","608","1109"
"680","","773","筧美和子","カケイミワコ","31","17.8","608","1015"
"680","621","574","BTS（防弾少年団）","ビーティーエス（ボウダンショウネンダン）","","17.8","790","779"
"680","","588","Matt（Matt Rose）","マット（マットローズ）","31","17.8","513","1209"
"680","755","818","山田杏奈","ヤマダアンナ","24","17.8","819","111"
"680","721","449","吉田敬（ブラックマヨネーズ）","ヨシダタカシ（ブラックマヨネーズ）","52","17.8","268","1226"
"688","","640","ハマ・オカモト（OKAMOTO's）","ハマオカモト（オカモトズ）","34","17.6","671","655"
"688","811","854","前田公輝","マエダゴウキ","34","17.6","754","592"
"688","825","758","Little Glee Monster","リトルグリーモンスター","","17.6","734","641"
"691","","640","北村有起哉","キタムラユキヤ","51","17.3","706","592"
"691","","588","草薙航基（宮下草薙）","クサナギコウキ（ミヤシタクサナギ）","34","17.3","577","1181"
"691","642","700","DJ松永（Creepy Nuts）","ディージェーマツナガ（クリーピーナッツ）","35","17.3","653","973"
"691","601","492","Vaundy","バウンディ","25","17.3","790","209"
"691","","624","福澤朗","フクザワアキラ","62","17.3","370","1215"
"691","715","693","吉住","ヨシズミ","36","17.3","747","712"
"697","700","683","きょん（コットン）","キョン（コットン）","38","17.1","779","512"
"697","642","662","齋藤飛鳥","サイトウアスカ（ノギザカフォーティーシックス）","27","17.1","625","841"
"697","847","749","タイムマシーン3号","タイムマシーンサンゴウ","","17.1","823","114"
"697","814","662","髙橋ひかる","タカハシヒカル","24","17.1","719","426"
"701","775","734","Aぇ! group","エエグループ","","16.9","796","426"
"701","","492","片桐仁","カタギリジン","51","16.9","647","919"
"701","775","753","銀シャリ","ギンシャリ","","16.9","774","339"
"701","792","693","コットン","コットン","","16.9","831","60"
"701","755","877","さらば青春の光","サラバセイシュンノヒカリ","","16.9","701","1036"
"701","","700","平岡祐太","ヒラオカユウタ","41","16.9","729","485"
"701","653","773","古川琴音","フルカワコトネ","29","16.9","738","657"
"701","","","松井ケムリ（令和ロマン）","マツイケムリ（レイワロマン）","32","16.9","790","327"
"701","","532","松山英樹","マツヤマヒデキ","33","16.9","557","1129"
"710","610","519","市川染五郎（八代目）","イチカワソメゴロウ","20","16.7","761","255"
"710","538","616","井上尚弥","イノウエナオヤ","32","16.7","639","1069"
"710","864","826","草間リチャード敬太（Aぇ! group）","クサマリチャードケイタ(エエ！グループ)","29","16.7","752","339"
"710","506","55","田中圭","タナカケイ","41","16.7","94","1259"
"710","721","674","ダイアン","ダイアン","","16.7","666","964"
"715","","781","生田竜聖","イクタリュウセイ","37","16.4","666","833"
"715","","693","島崎遥香","シマザキハルカ（エーケービーフォーティーエイト）","31","16.4","629","1119"
"715","769","773","福地桃子","フクチモモコ","28","16.4","784","148"
"718","792","712","井之脇海","イノワキカイ","30","16.2","796","62"
"718","621","410","EXILE","エグザイル","","16.2","539","1216"
"718","949","921","奥平大兼","オクダイラダイケン","22","16.2","851","151"
"718","775","788","Cocomi","ココミ","24","16.2","525","1237"
"718","681","831","小瀧望（WEST.）","コタキノゾム（ウエスト（ジャニーズウエスト））","29","16.2","754","592"
"718","706","801","高城れに（ももいろクローバーＺ）","タカギレニ（モモイロクローバーゼット）","32","16.2","653","936"
"718","766","712","二階堂高嗣（Kis-My-Ft2）","ニカイドウタカシ（キスマイフットツー）","35","16.2","608","1162"
"718","925","1240","本田響矢","ホンダキョウヤ","26","16.2","875","94"
"718","","722","ユージ","ユージ","38","16.2","532","1112"
"718","755","773","横尾渉（Kis-My-Ft2）","ヨコオワタル（キスマイフットツー）","39","16.2","572","1214"
"718","629","674","緑黄色社会","リョクオウショクシャカイ","","16.2","774","424"
"729","721","562","オズワルド","オズワルド","","16","675","870"
"729","783","788","窪塚愛流","クボヅカアイル","22","16","653","1058"
"729","","741","小嶋陽菜","コジマハルナ（エーケービーフォーティエイト）","37","16","546","1170"
"729","","801","迫田孝也","サコダタカヤ","48","16","819","210"
"729","828","734","佐々木彩夏（ももいろクローバーＺ）","ササキアヤカ（モモイロクローバーゼット）","29","16","671","692"
"729","769","781","西村瑞樹（バイきんぐ）","ニシムラミズキ（バイキング）","48","16","618","1166"
"729","847","722","吉川愛","ヨシカワアイ","26","16","770","559"
"736","755","734","髙木雄也（Hey! Say! JUMP）","タカキユウヤ（ヘイセイジャンプ）","35","15.8","734","641"
"736","633","666","ONE OK ROCK","ワンオクロック","","15.8","725","825"
"738","","700","大江麻理子","オオエマリコ","47","15.6","812","76"
"738","653","602","堂安律","ドウアンリツ","27","15.6","706","1012"
"738","715","693","平手友梨奈","ヒラテユリナ（ケヤキザカフォーティーシックス）","24","15.6","492","1244"
"738","","801","美山加恋","ミヤマカレン","28","15.6","666","1020"
"738","","741","RADWIMPS","ラッドウィンプス","","15.6","819","339"
"738","721","781","ラランド","ラランド","","15.6","754","655"
"744","","854","浅香航大","アサカコウダイ","33","15.3","784","629"
"744","","722","伊藤利尋","イトウトシヒロ","53","15.3","734","870"
"744","847","","猪俣周杜(timelesz)","イノマタシュウト（タイムレス）","24","15.3","865","512"
"744","828","831","梶裕貴","カジユウキ","40","15.3","784","467"
"744","732","741","Koki,","コウキ","22","15.3","459","1253"
"744","601","624","サーヤ（ラランド）","サーヤ（ラランド）","29","15.3","714","822"
"744","482","781","塩野瑛久","シオノアキヒサ","30","15.3","870","262"
"744","907","831","鈴木奈穂子","スズキナオコ","43","15.3","881","38"
"744","847","722","中間淳太（WEST.）","ナカマジュンタ（ウエスト（ジャニーズウエスト））","38","15.3","661","988"
"744","573","94","永野芽郁","ナガノメイ","26","15.3","226","1261"
"744","625","624","マヂカルラブリー","マヂカルラブリー","","15.3","675","915"
"744","814","674","優里","ユウリ","31","15.3","706","1051"
"756","","700","石井杏奈","イシイアンナ","27","15.1","801","125"
"756","755","826","桐山照史（WEST.）","キリヤマアキト（ウエスト（ジャニーズウエスト））","36","15.1","581","1221"
"756","884","683","濵田崇裕（WEST.）","ハマダタカヒロ（ウエスト（ジャニーズウエスト））","36","15.1","770","683"
"756","805","758","ヒカキン","ヒカキン","36","15.1","384","1262"
"760","700","753","井上貴博","イノウエタカヒロ","41","14.9","790","400"
"760","700","712","鬼越トマホーク","オニゴエトマホーク","","14.9","738","706"
"760","828","662","かが屋","カガヤ","","14.9","842","205"
"760","811","666","浜野謙太","ハマノケンタ","44","14.9","738","453"
"760","715","866","村重杏奈","ムラシゲアンナ","27","14.9","647","1163"
"765","","788","赤江珠緒","アカエタマオ","50","14.7","671","983"
"765","","700","生駒里奈","イコマリナ（ノギザカフォーティーシックス）","29","14.7","643","1082"
"765","580","602","尾上右近（二代目）","オノエウコン","33","14.7","754","249"
"765","","801","桑子真帆","クワコマホ","38","14.7","761","859"
"765","","801","佐久間由衣","サクマユイ","30","14.7","747","712"
"765","741","629","玉井詩織（ももいろクローバーＺ）","タマイシオリ（モモイロクローバーゼット）","30","14.7","671","692"
"765","828","741","西村真二（コットン）","ニシムラシンジ（コットン）","41","14.7","823","158"
"765","841","911","薮宏太（Hey! Say! JUMP）","ヤブコウタ（ヘイセイジャンプ）","35","14.7","691","960"
"765","755","683","山本舞香","ヤマモトマイカ","28","14.7","608","1149"
"774","783","843","荒川（エルフ）","アラカワ（エルフ）","29","14.4","747","909"
"774","769","700","WEST.","ウエスト（ジャニーズウエスト）","","14.4","719","988"
"774","562","741","内田理央","ウチダリオ","34","14.4","643","1144"
"774","","659","皆藤愛子","カイトウアイコ","41","14.4","525","1209"
"774","","649","柏木由紀","カシワギユキ（エーケービーフォーティーエイト）","34","14.4","361","1253"
"774","","814","膳場貴子","ゼンバタカコ","50","14.4","754","592"
"774","857","933","當真あみ","トウマアミ","19","14.4","870","262"
"774","870","854","ナダル（コロコロチキチキペッパーズ）","ナダル（コロコロチキチキペッパーズ）","40","14.4","503","1236"
"774","750","728","ニューヨーク","ニューヨーク","","14.4","725","1038"
"774","706","758","宮世琉弥","ミヤセリュウビ","21","14.4","714","931"
"774","798","799","山之内すず","ヤマノウチスズ","24","14.4","564","1219"
"785","","","髙比良くるま（令和ロマン）","タカヒラクルマ（レイワロマン）","31","14.2","770","817"
"785","610","818","竹財輝之助","タケザイテルノスケ","45","14.2","807","473"
"785","988","903","藤岡真威人","フジオカマイト","21","14.2","851","223"
"788","821","674","猪狩蒼弥（KEY TO LIT）","イガリソウヤ（キテレツ（ハイハイジェッツ））","23","14","865","512"
"788","","788","駿河太郎","スルガタロウ","47","14","747","671"
"788","","781","戸塚祥太（A.B.C-Z）","トツカショウタ（エー.ビー.シー-ズィー）","39","14","675","1119"
"788","841","758","トラウデン直美","トラウデンナオミ","26","14","647","1163"
"788","877","888","バッテリィズ","バッテリィズ","","14","921","36"
"788","","758","和田正人","ワダマサト","46","14","754","592"
"794","783","753","蛙亭","カエルテイ","","13.8","779","980"
"794","755","700","三代目 J SOUL BROTHERS from EXILE TRIBE","サンダイメジェイソウルブラザーズ フロム エグザイルトライブ","","13.8","761","967"
"794","891","","篠塚大輝(timelesz)","シノヅカタイキ（タイムレス）","23","13.8","836","839"
"794","949","","橋本将生(timelesz)","ハシモトマサキ（タイムレス）","26","13.8","904","512"
"794","","","美村里江","ミムラリエ","41","13.8","886","322"
"794","","788","miwa","ミワ","35","13.8","706","1125"
"794","769","734","渡邊雄太","ワタナベユウタ","31","13.8","770","683"
"801","","758","岡部たかし","オカベタカシ","53","13.6","812","327"
"801","847","616","玉城ティナ","タマシロティナ","28","13.6","691","1077"
"801","","773","土佐兄弟","トサキョウダイ","","13.6","801","625"
"801","","758","中村ゆり","ナカムラユリ","43","13.6","842","100"
"805","907","894","寛一郎","カンイチロウ","29","13.3","823","458"
"805","857","972","土居志央梨","ドイシオリ","33","13.3","894","255"
"805","","854","ぱーてぃーちゃん","パーティーチャン","","13.3","738","988"
"805","828","799","ユースケ（ダイアン）","ユースケ（ダイアン）","48","13.3","796","604"
"809","857","","今永昇太","イマナガショウタ","32","13.1","823","551"
"809","949","818","木戸大聖","キドタイセイ","28","13.1","973","29"
"809","674","801","SUPER BEAVER","スーパービーバー","","13.1","836","763"
"809","1090","","中島歩","ナカジマアユム","37","13.1","886","49"
"809","884","831","ヨネダ2000","ヨネダニセン","","13.1","851","657"
"814","857","758","石井亮次","イシイリョウジ","48","12.9","875","285"
"814","814","921","泉里香","イズミリカ","37","12.9","790","909"
"814","884","758","小田凱人","オダトキト","19","12.9","823","295"
"814","","649","金子ノブアキ","カネコノブアキ","44","12.9","729","1099"
"814","","869","桐生祥秀","キリュウヨシヒデ","29","12.9","761","712"
"814","","700","生野陽子","ショウノヨウコ","41","12.9","721","915"
"814","884","814","末澤誠也（Aぇ! group）","スエザワセイヤ(エエグループ)","31","12.9","900","613"
"814","877","877","ちゃんみな","チャンミナ","27","12.9","729","1099"
"814","828","818","花江夏樹","ハナエナツキ","34","12.9","761","967"
"814","","877","平山浩行","ヒラヤマヒロユキ","48","12.9","851","373"
"824","","666","ケツメイシ","ケツメイシ","","12.7","784","759"
"824","891","683","BE:FIRST","ビーファースト","","12.7","851","657"
"824","610","773","渡邊圭祐","ワタナベケイスケ","32","12.7","807","852"
"827","949","903","一ノ瀬ワタル","イチノセワタル","40","12.4","807","473"
"827","949","877","imase","イマセ","25","12.4","870","339"
"827","930","781","岡崎紗絵","オカザキサエ","30","12.4","836","507"
"827","847","801","田村真子","タムラマコ","29","12.4","859","676"
"827","847","809","出口夏希","デグチナツキ","24","12.4","842","270"
"827","877","894","新浜レオン","ニイハマレオン","29","12.4","721","1170"
"833","857","949","アイナ・ジ・エンド","アイナ・ジ・エンド","30","12.2","752","1129"
"833","","877","鈴木愛理","スズキアイリ","31","12.2","865","512"
"833","","","M!LK","ミルク","","12.2","812","664"
"833","755","814","八木勇征（FANTASTICS from EXILE TRIBE）","ヤギユウセイ（ファンタスティックスフロムエグザイルトライブ）","28","12.2","812","944"
"837","","788","貴島明日香","キジマアスカ","29","12","807","783"
"837","825","788","空気階段","クウキカイダン","","12","859","491"
"837","891","866","SKY-HI（日高光啓）","スカイハイ(ヒダカミツヒロ)","38","12","774","900"
"837","","958","角田夏実","ツノダナツミ","33","12","886","712"
"837","900","758","モグライダー","モグライダー","","12","851","568"
"837","907","911","森田望智","モリタミサト","29","12","900","82"
"843","884","854","市來玲奈","イチキレナ","29","11.8","796","935"
"843","925","831","神山智洋（WEST.）","カミヤマトモヒロ（ウエスト（ジャニーズウエスト））","32","11.8","819","759"
"843","907","949","K(&TEAM)","ケイ（エンティーム）","28","11.8","964","618"
"843","877","831","ジェラードン","ジェラードン","","11.8","921","66"
"843","775","649","トム・ブラウン","トムブラウン","","11.8","714","1029"
"843","864","843","馬場ふみか","ババフミカ","30","11.8","831","804"
"843","847","1001","蒔田彩珠","マキタアジュ","23","11.8","894","339"
"850","","788","大原櫻子","オオハラサクラコ","29","11.6","738","1170"
"850","","888","竹内由恵","タケウチヨシエ","39","11.6","714","1109"
"850","938","758","那須雄登（ACEes）","ナスユウト（エイシーズ（ビショウネン））","23","11.6","865","417"
"853","891","809","岩田絵里奈","イワタエリナ","30","11.3","801","1023"
"853","891","809","近藤千尋","コンドウチヒロ","35","11.3","761","919"
"853","828","826","TWICE","トゥワイス","","11.3","842","1015"
"853","1150","1165","中沢元紀","ナカザワモトキ","25","11.3","943","54"
"853","","843","毎熊克哉","マイグマカツヤ","38","11.3","943","339"
"853","","831","三浦透子","ミウラトウコ","29","11.3","909","564"
"853","891","869","山添寛（相席スタート）","ヤマゾエカン(アイセキスタート)","40","11.3","761","1152"
"853","969","921","ラバーガール","ラバーガール","","11.3","929","121"
"861","949","888","黒羽麻璃央","クロバマリオ","32","11.1","900","376"
"861","925","854","齊藤京子","サイトウキョウコ（ヒナタザカフォーティーシックス）","28","11.1","836","975"
"861","916","1012","作間龍斗（ACEes）","サクマリュウト（エイシーズ（ハイハイジェッツ））","23","11.1","916","339"
"861","921","949","たける（東京ホテイソン）","タケル（トウキョウホテイソン）","30","11.1","904","512"
"861","974","981","野村康太","ノムラコウタ","21","11.1","955","104"
"861","1007","854","八木莉可子","ヤギリカコ","24","11.1","859","491"
"867","942","849","佐久間宣行","サクマノブユキ","50","10.9","842","866"
"867","974","869","東京ホテイソン","トウキョウホテイソン","","10.9","870","817"
"867","1021","1184","HANA","ハナ","","10.9","921","376"
"867","1007","788","マカロニえんぴつ","マカロニエンピツ","","10.9","916","470"
"867","921","831","正門良規（Aぇ! group）","マサカドヨシノリ(エエ！グループ)","28","10.9","909","150"
"867","","869","ゆうたろう","ユウタロウ","27","10.9","812","944"
"873","","854","石崎ひゅーい","イシザキヒューイ","41","10.7","875","285"
"873","884","911","井上清華","イノウエセイカ","30","10.7","875","285"
"873","974","","井上瑞稀（KEY TO LIT）","イノウエミズキ（キテレツ)","25","10.7","904","712"
"873","","877","大友花恋","オオトモカレン","26","10.7","823","931"
"873","995","921","キタニタツヤ","キタニタツヤ","29","10.7","909","437"
"873","891","877","ニシダ（ラランド）","ニシダ（ラランド）","31","10.7","823","639"
"879","870","869","秋元真夏","アキモトマナツ（ノギザカ フォーティーシックス）","32","10.4","779","928"
"879","","640","ØMI（登坂広臣（三代目 J SOUL BROTHERS））","オミ(トサカヒロオミ(サンダイメジェイソウルブラザーズ）)","38","10.4","688","1222"
"879","","933","五関晃一（A.B.C-Z）","ゴセキコウイチ（エー.ビー.シー-ジィー）","40","10.4","812","1178"
"879","828","788","GENERATIONS from EXILE TRIBE","ジェネレーションズフロムエグザイルトライブ","","10.4","870","975"
"879","","911","橋本良亮（A.B.C-Z）","ハシモトリョウスケ（エー.ビー.シー-ジィー）","32","10.4","784","1149"
"879","","903","SAKURA（宮脇咲良/LE SSERAFIM）","ミヤワキサクラ（ルセラフィム）","27","10.4","865","1029"
"879","982","894","吉野北人（THE RAMPAGE from EXILE TRIBE）","ヨシノホクト(ザランページフロムエグザイルトライブ)","28","10.4","955","417"
"886","857","945","中野周平（蛙亭）","ナカノシュウヘイ（カエルテイ）","35","10.2","859","676"
"887","982","894","IMP.","アイエムピー","","10","964","313"
"887","907","958","上垣皓太朗","ウエガキコウタロウ","24","10","994","52"
"887","900","849","小川彩佳","オガワアヤカ","40","10","801","1023"
"887","930","843","小島健（Aぇ! group）","コジマケン(エエ！グループ)","26","10","881","1045"
"887","864","809","さや香","サヤカ","","10","909","768"
"887","","749","ザ・マミィ","ザ・マミィ","","10","842","702"
"887","814","894","関水渚","セキミズナギサ","27","10","941","451"
"887","916","972","恒松祐里","ツネマツユリ","27","10","886","825"
"887","1120","1049","なえなの","ナエナノ","24","10","823","1089"
"887","","849","中村隼人","ナカムラハヤト","31","10","886","426"
"887","988","1071","仁村紗和","ニムラサワ","31","10","929","298"
"887","","921","ヒロド歩美","ヒロドアユミ","34","10","881","698"
"887","916","933","紅しょうが","ベニショウガ","","10","929","774"
"887","","831","宮内ひとみ（桜庭ななみ）","ミヤウチヒトミ（サクラバナナミ）","33","10","842","866"
"887","","","山口馬木也","ヤマグチマキヤ","52","10","955","182"
"902","930","809","柿澤勇人","カキザワハヤト","38","9.8","886","712"
"902","921","933","クロちゃん（安田大サーカス）","クロチャン（ヤスダダイサーカス）","48","9.8","384","1273"
"902","","921","佐津川愛美","サツカワアイミ","37","9.8","916","604"
"902","921","854","THE RAMPAGE from EXILE TRIBE","ザランページフロムエグザイルトライブ","","9.8","955","289"
"902","841","911","瀧内公美","タキウチクミ","36","9.8","951","158"
"902","938","818","武田玲奈","タケダレナ","28","9.8","929","198"
"902","","788","納言","ナゴン","","9.8","881","621"
"902","1001","966","ふくらP","フクラピー","32","9.8","875","852"
"902","","911","松井愛莉","マツイアイリ","28","9.8","886","712"
"902","1178","1133","山中柔太朗(M!LK)","ヤマナカジュウタロウ（ミルク）","23","9.8","984","158"
"912","1021","958","ショーゴ（東京ホテイソン）","ショーゴ（トウキョウホテイソン）","31","9.6","904","833"
"913","","831","明日海りお","アスミリオ","40","9.3","981","78"
"913","949","993","一ノ瀬颯","イチノセハヤテ","28","9.3","1000","210"
"913","900","854","佐藤大樹（FANTASTICS from EXILE TRIBE）","サトウタイキ（ファンタスティックスフロムエグザイルトライブ）","30","9.3","894","1033"
"913","1007","1059","下野紘","シモノヒロ","45","9.3","984","158"
"913","891","","鈴木誠也","スズキセイヤ","31","9.3","836","975"
"913","","758","若葉竜也","ワカバリュウヤ","36","9.3","964","64"
"919","841","818","[ALEXANDROS]","アレキサンドロス","","9.1","929","298"
"919","949","921","安斉星来","アンザイセイラ","21","9.1","929","298"
"919","792","888","詩羽（水曜日のカンパネラ）","ウタハ（スイヨウビノカンパネラ）","24","9.1","859","1059"
"919","942","869","Uru","ウル","","9.1","1000","111"
"919","1030","","ACEes","エイシーズ","","9.1","984","32"
"919","828","877","エルフ","エルフ","","9.1","859","924"
"919","988","981","&TEAM","エンティーム","","9.1","1011","144"
"919","1053","894","佐藤新（IMP.）","サトウアラタ(アイエムピー)","25","9.1","1003","580"
"919","1034","933","東ブクロ（さらば青春の光）","ヒガシブクロ（サラバセイシュンノヒカリ）","40","9.1","886","988"
"919","","","森カンナ","モリカンナ(モリヤカンナ)","37","9.1","951","512"
"929","1063","1022","青木マッチョ（かけおち）","アオキマッチョ(カケオチ)","30","8.9","851","1119"
"929","969","1001","影山優佳","カゲヤマユウカ（ヒナタザカフォーティーシックス）","24","8.9","909","232"
"929","942","831","久間田琳加","クマダリンカ","24","8.9","943","485"
"929","1007","972","清水尋也","シミズヒロヤ","26","8.9","943","240"
"929","938","993","白石聖","シライシセイ","27","8.9","921","504"
"929","","903","西田有志","ニシダユウジ","25","8.9","955","568"
"929","1007","903","水田わさび","ミズタワサビ","51","8.9","921","504"
"929","900","933","森香澄","モリカスミ","30","8.9","774","1220"
"937","949","981","赤荻歩","アカオギアユミ","44","8.7","951","95"
"937","1001","1033","アバンギャルディ","アバンギャルディ","","8.7","984","280"
"937","907","993","小野花梨","オノカリン","27","8.7","943","339"
"937","900","","成田悠輔","ナリタユウスケ","","8.7","831","1067"
"937","","981","葉山奨之","ハヤマショウノ","29","8.7","955","417"
"942","942","981","INI","アイエヌアイ","","8.4","973","649"
"942","949","911","河野純喜（JO1）","コウノジュンキ(ジェイオーワン)","27","8.4","929","880"
"942","1053","949","三山凌輝（BE:FIRST）","ミヤマリョウキ（ビーファースト）","26","8.4","738","1241"
"945","","826","ウエストランド","ウエストランド","","8.2","875","1067"
"945","1090","903","SEVENTEEN","セブンティーン","","8.2","1047","135"
"945","","894","田中碧","タナカアオ","27","8.2","916","900"
"945","884","933","綱啓永","ツナケイト","26","8.2","943","339"
"945","982","958","FANTASTICS from EXILE TRIBE","ファンタスティックスフロムエグザイルトライブ","","8.2","973","1022"
"945","988","921","みなみかわ","ミナミカワ","43","8.2","909","1093"
"951","","933","中村光宏","ナカムラミツヒロ","41","8","929","198"
"951","1139","1094","藤原大祐","フジワラタイユ","22","8","1011","66"
"953","","1012","阿部華也子","アベカヤコ","29","7.8","894","944"
"953","","712","今市隆二（三代目 J SOUL BROTHERS）","イマイチリュウジ（サンダイメジェイソウルブラザーズ）","39","7.8","666","1271"
"953","930","966","Aimer","エメ","","7.8","1024","188"
"953","","921","尾崎世界観（クリープハイプ）","オザキセカイカン（クリープハイプ）","41","7.8","929","539"
"953","877","1094","髙石あかり","タカイシアカリ","22","7.8","981","384"
"953","942","1148","田辺桃子","タナベモモコ","26","7.8","984","32"
"953","","","玉置玲央","タマオキレオ","40","7.8","1024","42"
"953","870","649","中川大輔","ナカガワダイスケ","27","7.8","964","313"
"953","1007","854","南波雅俊","ナンバマサトシ","37","7.8","964","313"
"953","1001","894","乃木坂46","ノギザカフォーティーシックス","","7.8","900","1140"
"953","974","972","ハシヤスメ・アツコ","ハシヤスメ・アツコ","","7.8","842","1216"
"953","870","854","畠中悠（オズワルド）","ハタナカユウ（オズワルド）","37","7.8","851","1079"
"953","","1022","ヒカル","ヒカル","34","7.8","836","1260"
"953","1007","1071","FRUITS ZIPPER","フルーツジッパー","","7.8","1032","393"
"953","","1083","BABYMETAL","ベビーメタル","","7.8","1003","887"
"953","1034","933","南沙良","ミナミサラ","23","7.8","973","498"
"953","1034","949","山崎怜奈","ヤマザキレナ（ノギザカフォーティーシックス）","28","7.8","909","1093"
"953","1070","933","LE SSERAFIM","ルセラフィム","","7.8","973","779"
"971","974","949","AKB48","エーケービーフォーティーエイト","","7.6","894","1125"
"971","949","801","真空ジェシカ","シンクウジェシカ","","7.6","955","104"
"971","900","","TAKAHIRO（上野隆博）","タカヒロ（ウエノタカヒロ）","44","7.6","943","948"
"971","1007","921","中村嶺亜（KEY TO LIT）","ナカムラレイア（キテレツ（セブンメンサムライ））","28","7.6","1011","632"
"971","","949","はじめしゃちょー","ハジメシャチョー","32","7.6","747","1269"
"976","","1001","川村壱馬（THE RAMPAGE from EXILE TRIBE）","カワムラカズマ(ザランページフロムエグザイルトライブ)","28","7.3","1021","676"
"976","1197","1083","木村柾哉(INI)","キムラマサヤ（アイエヌアイ）","28","7.3","1047","30"
"976","1110","1049","高野正成（きしたかの）","タカノマサノリ（キシタカノ）","36","7.3","984","604"
"976","995","949","≒JOY","ニアリーイコールジョイ","","7.3","921","1036"
"980","","1049","石川恋","イシカワレン","32","7.1","994","641"
"980","1150","1022","川西拓実（JO1）","カワニシタクミ(ジェイオーワン)","26","7.1","1047","57"
"980","","1012","駒田健吾","コマダケンゴ","51","7.1","955","808"
"980","1034","888","早見沙織","ハヤミサオリ","34","7.1","994","306"
"980","949","903","宮司愛海","ミヤジマナミ","34","7.1","916","604"
"980","907","826","ヤーレンズ","ヤーレンズ","","7.1","1011","66"
"986","1063","945","志田彩良","シダサラ","26","6.9","994","473"
"986","930","945","JO1","ジェイオーワン","","6.9","904","1181"
"986","","866","ちょんまげラーメン（インディアンス）","チョンマゲラーメン（インディアンス）","","6.9","1003","240"
"986","1001","","希空","ノア","18","6.9","842","1216"
"986","930","1033","前田拳太郎","マエダケンタロウ","26","6.9","1011","786"
"986","","849","リュウジ","リュウジ","39","6.9","929","973"
"992","988","1001","木村慧人（FANTASTICS from EXILE TRIBE）","キムラケイト（ファンタスティックスフロムエグザイルトライブ）","26","6.7","1042","114"
"992","982","877","上坂樹里","コウサカジュリ","20","6.7","1047","712"
"992","942","1059","櫻井海音(Kaito)","サクライカイト","24","6.7","1032","621"
"992","","877","須田亜香里","スダアカリ（エスケーイーフォーティーエイト）","34","6.7","790","1224"
"992","949","1049","豆原一成（JO1）","マメハライッセイ(ジェイオーワン)","23","6.7","973","1091"
"992","1034","1012","マユリカ","マユリカ","","6.7","984","426"
"992","","1108","栁俊太郎","ヤナギシュンタロウ","34","6.7","1099","1"
"992","1007","1001","ロングコートダディ","ロングコートダディ","","6.7","1024","84"
"1000","","849","赤星憲広","アカホシノリヒロ","49","6.4","941","1082"
"1000","1021","972","神谷浩史","カミヤヒロシ","50","6.4","1024","559"
"1000","1034","993","ガクテンソク","ガクテンソク","","6.4","1003","60"
"1000","949","958","斎藤ちはる","サイトウチハル","28","6.4","921","1136"
"1000","1007","958","サルゴリラ","サルゴリラ","","6.4","1024","559"
"1000","1070","1148","しなこ","シナコ","29","6.4","881","1225"
"1000","942","1049","SHOW-WA","ショウワ","","6.4","1000","964"
"1000","","1033","武田梨奈","タケダリナ","34","6.4","1032","393"
"1000","1053","1001","ひょうろく","ヒョウロク","38","6.4","929","1229"
"1009","","993","えなこ","エナコ","31","6.2","921","1223"
"1009","792","843","NJZ(NewJeans)","エヌジェージー（ニュージーンズ）","","6.2","1087","104"
"1009","","1012","久保田紗友","クボタサユ","25","6.2","1069","406"
"1009","","","友田オレ","トモダオレ","24","6.2","1011","632"
"1009","1083","1083","三浦獠太","ミウラリョウタ","28","6.2","1011","632"
"1009","1070","1033","矢吹奈子","ヤブキナコ（エイチケーティーフォーティーエイト・アイズワン）","24","6.2","943","948"
"1015","","933","青柳翔","アオヤギショウ","40","6","984","877"
"1015","","1049","香音","カノン","24","6","951","988"
"1015","907","1001","さとうほなみ（ほな・いこか）","サトウホナミ（ホナ・イコカ）","36","6","973","1151"
"1015","995","1022","佐野玲於（GENERATIONS from EXILE TRIBE）","サノレオ（ジェネレーションズフロムエグザイルトライブ）","29","6","929","1181"
"1015","1034","993","沢城みゆき","サワシロミユキ","40","6","1047","135"
"1015","974","981","Stray Kids","ストレイキッズ","","6","1042","255"
"1015","1045","1033","高瀬耕造","タカセコウゾウ","49","6","1011","446"
"1015","1139","1012","高野洸","タカノアキラ","28","6","1032","793"
"1015","1021","1022","超特急","チョウトッキュウ","","6","964","859"
"1015","1120","1133","西垣匠","ニシガキショウ","26","6","1032","393"
"1015","1021","1071","羊文学","ヒツジブンガク","","6","1069","198"
"1015","1070","1059","深田竜生（ACEes）","フカダリュウセイ（エイシーズ（ショウネンニンジャ））","23","6","1047","135"
"1015","1007","1001","ヨルシカ","ヨルシカ","","6","1069","198"
"1028","","911","後呂有紗","ウシロアリサ","31","5.8","973","900"
"1028","","1049","梅澤廉","ウメザワレン","32","5.8","1011","270"
"1028","","958","今野浩喜","コンノヒロキ","46","5.8","994","919"
"1028","949","911","チャンス大城","チャンスオオシロ","50","5.8","964","967"
"1028","","1001","中村静香","ナカムラシズカ","37","5.8","964","967"
"1028","988","981","日向坂46","ヒナタザカフォーティーシックス","","5.8","964","967"
"1034","1070","1033","飯沼愛","イイヌマアイ","22","5.6","1047","512"
"1034","1110","1133","稲垣来泉","イナガキクルミ","14","5.6","1069","37"
"1034","1053","","大島美優","オオシマミユ","16","5.6","1047","30"
"1034","","911","男性ブランコ","ダンセイブランコ","","5.6","1032","393"
"1034","","1094","天才ピアニスト","テンサイピアニスト","","5.6","1081","84"
"1034","","966","忽滑谷こころ","ヌカリヤココロ","27","5.6","1021","304"
"1034","1070","","B&ZAI","バンザイ","","5.6","1099","129"
"1034","","1203","堀未央奈","ホリミオナ（ノギザカフォーティーシックス）","29","5.6","1021","988"
"1034","","1059","本多力","ホンダチカラ","46","5.6","1099","129"
"1034","1030","1022","MISAMO","ミサモ","","5.6","1003","1099"
"1034","1021","1059","モモ（TWICE/MISAMO）","モモ（トゥワイス/ミサモ)","29","5.6","1069","198"
"1034","","894","渡辺大知（黒猫CHELSEA）","ワタナベダイチ（クロネコチェルシー）","35","5.6","1047","135"
"1046","","1071","Aマッソ","エイマッソ","","5.3","984","1145"
"1046","974","1203","北香那","キタカナ","28","5.3","1003","1023"
"1046","1053","","KEY TO LIT","キテレツ","","5.3","1087","568"
"1046","1090","1022","田牧そら","タマキソラ","19","5.3","1042","114"
"1046","1243","1165","超ときめき♡宣伝部","チョウトキメキセンデンブ","","5.3","1024","712"
"1046","1021","945","tuki.","ツキ","","5.3","1032","958"
"1046","1045","1094","莉子","リコ","22","5.3","1047","712"
"1053","969","877","Omoinotake","オモイノタケ","","5.1","1047","512"
"1053","1110","1219","柏木悠（超特急）","カシワギハル（チョウトッキュウ）","20","5.1","1087","289"
"1053","1045","1184","Kep1er","ケプラー","","5.1","1069","664"
"1053","982","966","菅生新樹","スゴウアラキ","26","5.1","994","1050"
"1053","","888","高山一実","タカヤマカズミ（ノギザカフォーティーシックス）","31","5.1","981","947"
"1053","","933","田中瞳","タナカヒトミ","29","5.1","1087","808"
"1053","","949","ネルソンズ","ネルソンズ","","5.1","1003","580"
"1053","1030","981","日比麻音子","ヒビマオコ","32","5.1","1032","101"
"1053","1007","1117","みりちゃむ（大木美里亜）","ミリチャム（オオキミリア）","23","5.1","1024","559"
"1062","1045","1001","櫻坂46","サクラザカフォーティーシックス（ケヤキザカフォーティーシックス）","","4.9","955","1153"
"1062","1030","993","サナ（TWICE/MISAMO)","サナ（トゥワイス/ミサモ)","28","4.9","1062","604"
"1062","","1117","篠原梨菜","シノハラリナ","29","4.9","1171","39"
"1062","1120","1108","白鳥玉季","シラトリタマキ","15","4.9","1099","42"
"1062","","1165","松田里奈（櫻坂46)","マツダリナ（サクラザカフォーティシックス)","26","4.9","1108","158"
"1062","1132","1049","横田真悠","ヨコタマユウ","26","4.9","1032","621"
"1068","","1071","岡田紗佳","オカダサヤカ","31","4.7","1047","928"
"1068","","1165","工藤美桜","クドウミオ","26","4.7","1117","210"
"1068","","1117","鞘師里保","サヤシリホ（モーニングムスメ）","27","4.7","1069","664"
"1068","1102","1071","醍醐虎汰朗","ダイゴコタロウ","25","4.7","1108","49"
"1068","","1083","深川麻衣","フカガワマイ（ノギザカフォーティーシックス）","34","4.7","1062","339"
"1073","1139","1117","泉谷星奈","イズタニラナ","8","4.4","1069","880"
"1073","1120","1117","浦野モモ","ウラノモモ","26","4.4","1062","604"
"1073","","1148","吉柳咲良","キリュウサクラ","21","4.4","1081","712"
"1073","1063","1059","杉山真也","スギヤマシンヤ","42","4.4","1042","458"
"1073","982","966","TOMORROW X TOGETHER","トゥモローバイトゥギャザー","","4.4","1069","406"
"1073","1021","1033","中島颯太（FANTASTICS from EXILE TRIBE）","ナカジマソウタ（ファンタスティックスフロムエグザイルトライブ）","26","4.4","1069","406"
"1073","1110","1001","ラブレターズ","ラブレターズ","","4.4","1062","158"
"1080","1053","1219","ILLIT","アイリット","","4.2","1128","632"
"1080","1034","921","青井実","アオイミノル","44","4.2","894","1263"
"1080","1070","1083","ENHYPEN","エンハイプン","","4.2","1117","210"
"1080","1110","1165","茅島みずき","カヤシマミズキ","21","4.2","1099","649"
"1080","1045","1133","倉悠貴","クラユウキ","25","4.2","1042","1033"
"1080","1053","1094","栗谷（カカロニ）","クリタニ（カカロニ）","36","4.2","1011","1063"
"1080","1132","966","齊藤なぎさ","サイトウナギサ（イコールラブ）","22","4.2","1047","512"
"1080","1045","1033","Tani Yuuki","タニユウキ","27","4.2","1087","808"
"1080","","1033","長井短","ナガイミジカ","32","4.2","1024","900"
"1080","1213","1240","濱尾ノリタカ","ハマオノリタカ","26","4.2","1128","66"
"1080","1034","1022","ハ・ヨンス","ハ・ヨンス","35","4.2","1108","49"
"1080","1090","1059","兵頭功海","ヒョウドウカツミ","27","4.2","1032","1088"
"1080","","993","ビスケットブラザーズ","ビスケットブラザーズ","","4.2","1047","512"
"1080","1070","1094","ミナ（TWICE/MISAMO)","ミナ（トゥワイス/ミサモ)","28","4.2","1128","66"
"1094","1189","1165","梅澤美波（乃木坂46）","ウメザワミナミ（ノギザカフォーティシックス）","26","4","1099","339"
"1094","1150","1094","尾崎匠海(INI)","オザキタクミ（アイエヌアイ）","26","4","1128","270"
"1094","","1165","オダウエダ","オダウエダ","","4","1003","1231"
"1094","930","981","影山拓也(IMP.)","カゲヤマタクヤ（アイエムピー）","28","4","1062","604"
"1094","","1148","上川周作","カミカワシュウサク","32","4","1148","26"
"1094","","1219","種﨑敦美","タネザキアツミ","","4","1181","1"
"1094","1007","1049","玉田志織","タマダシオリ","23","4","984","1145"
"1094","1226","1219","鳴海唯","ナルミユイ","27","4","1148","26"
"1102","","1012","上杉柊平","ウエスギシュウヘイ","33","3.8","1087","808"
"1102","1110","1071","エバース","エバース","","3.8","1081","948"
"1102","","1148","草川拓弥（超特急）","クサカワタクヤ（チョウトッキュウ）","31","3.8","1108","426"
"1102","1139","1033","久保史緒里（乃木坂46）","クボシオリ（ノギザカフォーティーシックス）","24","3.8","1062","1115"
"1102","1102","1165","BOYNEXTDOOR","ボーイズネクストドア","","3.8","1117","833"
"1102","1102","1133","山下幸輝","ヤマシタコウキ","24","3.8","1117","210"
"1108","","1059","蒼井翔太","アオイショウタ","38","3.6","1087","568"
"1108","","1165","岡本夏美","オカモトナツミ","27","3.6","1108","1145"
"1108","1258","1240","CUTIE STREET","キューティーストリート","","3.6","1148","26"
"1108","1178","1108","佐久間みなみ","サクマミナミ","28","3.6","1148","458"
"1108","1139","1184","櫻井優衣(FRUITS ZIPPER)","サクライユイ（フルーツジッパー）","25","3.6","1161","158"
"1108","1139","1059","原田葵","ハラダアオイ","25","3.6","1108","712"
"1108","1167","1148","水沢林太郎","ミズサワリンタロウ","22","3.6","1108","712"
"1108","1053","972","ME:I","ミーアイ","","3.6","1069","406"
"1108","","1083","山田真歩","ヤマダマホ","44","3.6","1141","84"
"1117","1167","1033","IVE","アイブ","","3.3","1128","1136"
"1117","","958","大原優乃","オオハラユウノ","26","3.3","1081","948"
"1117","1197","1148","片山友希","カタヤマユキ","28","3.3","1161","32"
"1117","","1012","杉野真実","スギノマミ","35","3.3","1062","1115"
"1117","1159","1184","林佑香","ハヤシユカ","23","3.3","1117","833"
"1122","1063","1022","アンナ・サワイ","アンナ・サワイ","33","3.1","1117","1072"
"1122","1110","1108","小林虎之介","コバヤシトラノスケ","27","3.1","1181","339"
"1122","","1133","紺野彩夏","コンノアヤカ","26","3.1","1161","158"
"1122","1178","1184","菅井友香","スガイユウカ（サクラザカフォーティーシックス）","29","3.1","1117","1072"
"1122","1258","1264","乃紫","ノア","","3.1","1171","712"
"1122","","","円井わん","マルイワン","27","3.1","1148","458"
"1122","1258","1203","宮﨑優","ミヤザキユウ","25","3.1","1148","458"
"1129","","1264","’＝LOVE","イコールラブ","","2.9","1128","632"
"1129","1102","1012","XG","エックスジー","","2.9","1141","1053"
"1129","1197","1240","近藤華","コンドウハナ","18","2.9","1148","859"
"1129","1045","1071","Saucy Dog","サウシードッグ","","2.9","1141","339"
"1129","1120","1022","白山乃愛","シロヤマノア","13","2.9","1087","289"
"1129","","1133","城桧吏","ジョウカイリ","19","2.9","1128","66"
"1129","1243","","菅田愛貴（超ときめき♡宣伝部）","スダアキ（チョウトキメキセンデンブ）","20","2.9","1148","114"
"1129","1102","1117","曽田陵介","ソタリョウスケ","28","2.9","1117","1181"
"1129","","","鎮西寿々歌（FRUITS ZIPPER）","チンゼイスズカ（フルーツジッパー）","27","2.9","1148","859"
"1129","1090","1117","堤礼実","ツツミレイミ","32","2.9","1117","833"
"1129","1150","","永瀬ゆずな","ナガセユズナ","10","2.9","1117","210"
"1129","","","MATSURI","マツリ","","2.9","1087","1153"
"1141","","1203","荒木飛羽","アラキトワ","20","2.7","1181","339"
"1141","1053","1049","内田雄馬","ウチダユウマ","33","2.7","1108","158"
"1141","1132","1094","aespa","エスパ","","2.7","1087","1041"
"1141","1090","1108","NMB48","エヌエムビーフォーティーエイト","","2.7","1081","1231"
"1141","","1033","加藤史帆","カトウシホ（ヒナタザカフォーティーシックス）","27","2.7","1099","900"
"1141","","","ぐんぴぃ（春とヒコーキ）","グンピィ（ハルトヒコーキ）","35","2.7","1141","712"
"1141","1132","1148","小室瑛莉子","コムロエリコ","26","2.7","1128","937"
"1141","1090","1094","ダウ90000","ダウキュウーマン","","2.7","1128","937"
"1141","","","ツートライブ","ツートライブ","","2.7","1099","339"
"1141","1167","1165","永瀬莉子","ナガセリコ","23","2.7","1148","458"
"1141","","1117","≠ME","ノットイコールミー","","2.7","1128","270"
"1141","1167","1094","LIL LEAGUE from EXILE TRIBE","リルリーグフロムエグザイルトライブ","","2.7","1117","1072"
"1153","","1133","カベポスター","カベポスター","","2.4","1128","632"
"1153","1178","1203","黒川想矢","クロカワソウヤ","15","2.4","1148","114"
"1153","1197","1165","曽野舜太(M!LK)","ソノシュンタ（ミルク）","23","2.4","1148","859"
"1153","1139","","月城かなと","ツキシロカナト","34","2.4","1191","1"
"1153","","","増子敦貴","マシコアツキ","25","2.4","1171","240"
"1153","1243","1219","杢代和人（原因は自分にある。）","モクダイカズト(ゲンインハジブンニアル。)","21","2.4","1171","240"
"1153","1120","1083","与田祐希","ヨダユウキ（ノギザカフォーティーシックス）","25","2.4","1108","988"
"1160","","1083","伊藤万理華","イトウマリカ","29","2.2","1128","937"
"1160","1167","","佐々木舞香（＝LOVE）","ササキマイカ（イコールラブ）","25","2.2","1141","712"
"1160","","1059","佐藤梨那","サトウリナ","30","2.2","1171","712"
"1160","1189","1184","中本悠太（NCT127）","ナカモトユウタ（エヌシーティーイチニナナ）","30","2.2","1099","1181"
"1160","1197","1148","にぼしいわし","ニボシイワシ","","2.2","1161","158"
"1160","1213","1184","牧野真莉愛(モーニング娘。’25)","マキノマリア（モーニングムスメ）","24","2.2","1161","158"
"1160","1063","1273","松本怜生","マツモトレオ","25","2.2","1171","712"
"1160","1258","1165","モトーラ世理奈","モトーラセリナ","27","2.2","1161","988"
"1160","1159","1133","モーニング娘。’25","モーニングムスメ","","2.2","1047","1255"
"1160","","1203","山形純菜","ヤマガタジュンナ","31","2.2","1201","712"
"1170","1258","1133","五百城茉央（乃木坂46）","イオキマオ（ノギザカフォーティーシックス）","20","2","1191","512"
"1170","","1083","井頭愛海","イガシラマナミ","24","2","1191","512"
"1170","1083","1108","遠藤さくら（乃木坂46）","エンドウサクラ（ノギザカフォーティーシックス）","24","2","1161","604"
"1170","","1184","小栗有以（AKB48）","オグリユイ（エーケービーフォーティーエイト）","23","2","1087","1153"
"1170","1197","1165","片岡凜","カタオカリン","22","2","1181","900"
"1170","1197","","越山敬達","コシヤマケイタツ","16","2","1201","84"
"1170","","1022","林美桜","ハヤシミオウ","31","2","1128","1136"
"1170","1150","1240","林芽亜里","ハヤシメアリ","20","2","1218","1"
"1170","","1148","フィッシャーズ","フィッシャーズ","","2","1141","1053"
"1170","","","宮本茉由","ミヤモトマユ","30","2","1171","240"
"1170","","1264","渡辺瑠海","ワタナベルミ","28","2","1248","1"
"1181","1090","1071","青木柚","アオキユズ","24","1.8","1201","1"
"1181","1189","1148","内田真礼","ウチダマアヤ","35","1.8","1171","712"
"1181","1243","1133","NCT127","エヌシーティーイチニナナ","","1.8","1201","712"
"1181","1226","","尾碕真花","オサキイチカ","24","1.8","1161","158"
"1181","1167","1108","齋藤潤","サイトウジュン","18","1.8","1181","339"
"1181","","","谷原七音","タニハラナナト","21","1.8","1191","57"
"1181","","1264","中田青渚","ナカタセイナ","25","1.8","1237","1"
"1181","1159","1219","山﨑天(櫻坂46)","ヤマサキテン(サクラザカフォーティーシックス) ","20","1.8","1181","1181"
"1181","","1264","米倉れいあ","ヨネクラレイア","20","1.8","1181","1181"
"1190","1226","1148","井上和（乃木坂46）","イノウエナギ（ノギザカフォーティーシックス）","20","1.6","1191","512"
"1190","1102","1184","HKT48","エイチケーティーフォーティーエイト","","1.6","1069","1258"
"1190","1178","1203","江口拓也","エグチタクヤ","38","1.6","1218","988"
"1190","1167","1264","NCT WISH","エヌシーティーウイッシュ","","1.6","1201","84"
"1190","1150","1165","佐々木舞音","ササキマイネ","27","1.6","1201","1181"
"1190","1258","1219","山時聡真","サントキソウマ","20","1.6","1201","84"
"1190","1226","1273","菅原咲月（乃木坂46）","スガワラサツキ（ノギザカフォーティシックス）","20","1.6","1201","84"
"1190","","1083","田中美久","タナカミク（エイチケーティーフォーティーエイト）","24","1.6","1191","512"
"1190","1268","1264","中島瑠菜","ナカシマルナ","19","1.6","1248","1"
"1190","1243","","新原泰佑","ニイハラタイスケ","25","1.6","1218","1"
"1190","1213","1219","日向亘","ヒュウガワタル","21","1.6","1171","1099"
"1190","","1148","向井地美音(AKB48)","ムカイチミオン（エーケービーフォーティーエイト）","27","1.6","1141","1246"
"1190","1159","1071","RIIZE","ライズ","","1.6","1191","1241"
"1203","1178","1148","安藤萌々","アンドウモモ","","1.3","1201","712"
"1203","1083","1033","SKE48","エスケーイーフォーティーエイト","","1.3","1081","1264"
"1203","1139","1240","川原瑛都","カワハラエイト","12","1.3","1218","158"
"1203","","1059","私立恵比寿中学","シリツエビスチュウガク","","1.3","1087","1274"
"1203","1226","","TOMOO","トモオ","30","1.3","1261","1"
"1203","","","瞳水ひまり","ヒトミヒマリ","23","1.3","1237","1181"
"1203","1243","1219","水瀬いのり","ミナセイノリ","29","1.3","1218","158"
"1203","","1240","森愁斗(しゅーと/BUDDiiS)","モリシュウト（シュート/バディーズ）","23","1.3","1191","1072"
"1203","1197","1184","弓木奈於(乃木坂46)","ユミキナオ（ノギザカフォーティーシックス）","26","1.3","1148","1125"
"1212","","","井内悠陽","イウチハルヒ","21","1.1","1201","1181"
"1212","1268","1240","岩瀬洋志","イワセヨウジ","21","1.1","1248","1"
"1212","","1184","NGT48","エヌジーティー フォーティエイト","","1.1","1171","1264"
"1212","1226","1273","大倉空人（原因は自分にある。）","オオクラタカト（ゲンインハジブンニアル。）","23","1.1","1218","988"
"1212","1213","1133","大園玲（櫻坂46）","オオゾノレイ（サクラザカフォーティーシックス）","25","1.1","1237","339"
"1212","1243","1133","小川彩(乃木坂46 )","オガワアヤ（ノギザカフォーティーシックス）","18","1.1","1218","988"
"1212","1226","1273","金川紗耶(乃木坂46)","カナガワサヤ（ノギザカフォーティーシックス）","24","1.1","1191","512"
"1212","1167","","志田こはく","シダコハク","21","1.1","1237","339"
"1212","1226","1184","鈴木新彩","スズキサラサ","25","1.1","1248","1"
"1212","1213","1184","田村芽実","タムラメイミ","27","1.1","1218","988"
"1212","1226","1240","中嶋優月(櫻坂46)","ナカシマユヅキ（サクラザカフォーティーシックス）","22","1.1","1218","988"
"1212","1102","972","中村悠一","ナカムラユウイチ","45","1.1","1201","84"
"1212","","1133","服部樹咲","ハットリミサキ","19","1.1","1201","1181"
"1212","1226","1279","藤吉夏鈴(櫻坂46)","フジヨシカリン(サクラザカフォーティーシックス) ","24","1.1","1237","339"
"1212","1197","1203","僕が見たかった青空","ボクガミタカッタアオゾラ","","1.1","1191","1241"
"1212","1243","1059","守屋麗奈（櫻坂46）","モリヤレナ（サクラザカフォーティーシックス)","25","1.1","1201","1181"
"1228","1213","","IS:SUE","イッシュ","","0.9","1181","1181"
"1228","1276","1219","伊礼姫奈","イレイヒメナ","19","0.9","1261","1"
"1228","","1240","角谷暁子","カドヤアキコ","31","0.9","1248","712"
"1228","1268","1148","金村美玖（日向坂46）","カネムラミク（ヒナタザカフォーティシックス）","23","0.9","1218","1247"
"1228","1189","1165","川﨑桜(乃木坂46)","カワサキサクラ（ノギザカフォーティーシックス）","22","0.9","1237","1"
"1228","1276","1117","倉沢杏菜","クラサワアンナ","20","0.9","1237","1181"
"1228","1226","","酒井大成","サカイタイセイ","27","0.9","1218","158"
"1228","1276","1240","田畑志真","タバタシマ","19","0.9","1248","712"
"1228","1226","1219","月島琉衣","ツキシマルイ","17","0.9","1201","712"
"1228","","1240","豊田裕大","トヨダユウダイ","26","0.9","1201","1264"
"1228","1213","1219","中西アルノ(乃木坂46)","ナカニシアルノ（ノギザカフォーティーシックス）","22","0.9","1181","1272"
"1228","1159","","夏生大湖","ナツキオミ","24","0.9","1248","712"
"1228","","1117","樋口日奈","ヒグチヒナ","27","0.9","1201","712"
"1228","1189","","星街すいせい","ホシマチスイセイ","","0.9","1161","1247"
"1228","","","松本麗世","マツモトレイヨ","17","0.9","1261","1"
"1243","","","嵐莉菜","アラシリナ","21","0.7","1181","1256"
"1243","1197","1219","一ノ瀬美空（乃木坂46）","イチノセミク（ノギザカフォーティシックス）","22","0.7","1218","988"
"1243","","","小倉史也","オグラフミヤ","28","0.7","1273","1"
"1243","1083","1219","小坂菜緒（日向坂46）","コサカナオ（ヒナタザカフォーティーシックス）","23","0.7","1161","1270"
"1243","1258","1184","正源司陽子（日向坂46）","ショウゲンジヨウコ（ヒナタザカフォーティーシックス）","18","0.7","1273","1"
"1243","1213","1117","田村保乃（櫻坂46)","タムラホノ（サクラザカフォーティシックス)","27","0.7","1201","1181"
"1243","1243","1240","塚本恋乃葉","ツカモトコノハ","21","0.7","1218","988"
"1243","1276","1203","早瀬憩","ハヤセイコイ","18","0.7","1273","1"
"1243","1167","1273","樋口幸平","ヒグチコウヘイ","24","0.7","1218","988"
"1243","1226","1219","福留光帆","フクトメミツホ","22","0.7","1237","339"
"1243","1276","1273","星乃夢奈（ゆな）","ホシノユナ(ユナ)","21","0.7","1273","1"
"1243","","","南出凌嘉","ミナミデリョウカ","20","0.7","1261","1181"
"1243","1226","1148","森田ひかる(櫻坂46)","モリタヒカル(サクラザカフォーティーシックス) ","24","0.7","1237","339"
"1243","1268","1165","山下瞳月（櫻坂46）","ヤマシタシヅキ（サクラザカフォーティーシックス）","20","0.7","1218","988"
"1257","1178","1240","青島心","アオシマココロ","26","0.4","1261","1"
"1257","1268","1240","阿佐辰美","アサタツミ","25","0.4","1248","712"
"1257","1197","1219","池田瑛紗（乃木坂46）","イケダテレサ（ノギザカフォーティーシックス）","23","0.4","1237","1181"
"1257","1178","1184","井上梨名（櫻坂46）","イノウエリナ（サクラザカフォーティーシックス）","24","0.4","1218","1247"
"1257","","1184","STU48","エスティ―ユーフォーティーエイト","","0.4","1237","1181"
"1257","1120","1203","賀喜遥香（乃木坂46）","カキハルカ（ノギザカフォーティシックス）","24","0.4","1218","1247"
"1257","","1203","佐倉綾音","サクラアヤネ","31","0.4","1261","1"
"1257","1178","1165","富田鈴花(日向坂46)","トミタスズカ（ヒナタザカフォーティーシックス）","24","0.4","1218","1247"
"1257","","1219","丹生明里","ニブアカリ（ヒナタザカフォーティーシックス）","24","0.4","1218","1247"
"1257","1258","1184","藤嶌果歩(日向坂46)","フジシマカホ（ヒナタザカフォーティーシックス）","19","0.4","1261","1"
"1257","1213","1240","増田梨沙","マスダリサ","12","0.4","1248","712"
"1268","1268","1203","菊地姫奈","キクチヒナ","21","0.2","1273","1"
"1268","1226","1264","向里祐香","コウリユウカ","35","0.2","1261","1181"
"1268","1258","1219","筒井あやめ（乃木坂46）","ツツイアヤメ（ノギザカフォーティシックス）","21","0.2","1248","1264"
"1268","","1219","中島セナ","ナカジマセナ","19","0.2","1261","1181"
"1268","1268","1203","平尾帆夏(日向坂46)","ヒラオホノカ（ヒナタザカフォーティーシックス）","22","0.2","1261","1181"
"1268","","","的野美青（櫻坂46）","マトノミオ（サクラザカフォーティシックス)","19","0.2","1273","1"
"1268","1226","","山﨑翠佳","ヤマザキスイカ","25","0.2","1248","1264"
"1275","1189","1240","上村ひなの（日向坂46）","カミムラヒナノ（ヒナタザカフォーティーシックス）","21","0","1248","1275"
"1275","","1240","坂元愛登","サカモトマナト","16","0","1280","1275"
"1275","","1240","千葉恵里(AKB48)","チバエリイ（エーケービーフォーティーエイト）","22","0","1261","1275"
"1275","1268","1264","藤﨑ゆみあ","フジサキユミア","17","0","1261","1275"
"1275","","","南琴奈","ミナミコトナ","19","0","1273","1275"
"1275","","1240","吉田美月喜","ヨシダミヅキ","22","0","1248","1275"
